Dataset,Model,Source Language,Target Language,Pass@1* (%),Pass@1 (%),Pass@5 (%),Verified,Conversational,Paper
CodeNet,CodeLlama-7B,C,C++,18,35.9,77.4,Y,Y,https://arxiv.org/abs/2308.12950
CodeNet,CodeLlama-7B,C,Go,3,11.3,32.7,Y,Y,https://arxiv.org/abs/2308.12950
CodeNet,CodeLlama-7B,C,Java,59.5,59.9,71,Y,Y,https://arxiv.org/abs/2308.12950
CodeNet,CodeLlama-7B,C,Python,31,29,44.3,Y,Y,https://arxiv.org/abs/2308.12950
CodeNet,CodeLlama-7B,C++,C,9,17.8,45.7,Y,Y,https://arxiv.org/abs/2308.12950
CodeNet,CodeLlama-7B,C++,Go,13,12.9,32.4,Y,Y,https://arxiv.org/abs/2308.12950
CodeNet,CodeLlama-7B,C++,Java,54.5,54.3,69.2,Y,Y,https://arxiv.org/abs/2308.12950
CodeNet,CodeLlama-7B,C++,Python,28,27.6,50,Y,Y,https://arxiv.org/abs/2308.12950
CodeNet,CodeLlama-7B,Go,C,5.5,19.5,40.9,Y,Y,https://arxiv.org/abs/2308.12950
CodeNet,CodeLlama-7B,Go,C++,31.5,26.9,62.4,Y,Y,https://arxiv.org/abs/2308.12950
CodeNet,CodeLlama-7B,Go,Java,0,5.3,21.1,Y,Y,https://arxiv.org/abs/2308.12950
CodeNet,CodeLlama-7B,Go,Python,5.5,6.4,24.6,Y,Y,https://arxiv.org/abs/2308.12950
CodeNet,CodeLlama-7B,Java,C,9,25.4,52,Y,Y,https://arxiv.org/abs/2308.12950
CodeNet,CodeLlama-7B,Java,C++,27.5,28.5,66,Y,Y,https://arxiv.org/abs/2308.12950
CodeNet,CodeLlama-7B,Java,Go,17.5,17.1,40,Y,Y,https://arxiv.org/abs/2308.12950
CodeNet,CodeLlama-7B,Java,Python,10,11.2,33.5,Y,Y,https://arxiv.org/abs/2308.12950
CodeNet,CodeLlama-7B,Python,C,3.5,11.9,33.4,Y,Y,https://arxiv.org/abs/2308.12950
CodeNet,CodeLlama-7B,Python,C++,30,24.2,60.9,Y,Y,https://arxiv.org/abs/2308.12950
CodeNet,CodeLlama-7B,Python,Go,21,20.4,31.5,Y,Y,https://arxiv.org/abs/2308.12950
CodeNet,CodeLlama-7B,Python,Java,36,37.3,63.7,Y,Y,https://arxiv.org/abs/2308.12950
Avatar,CodeLlama-7B,Java,C,1.6,3.7,10.8,Y,Y,https://arxiv.org/abs/2308.12950
Avatar,CodeLlama-7B,Java,C++,8,7.1,26.2,Y,Y,https://arxiv.org/abs/2308.12950
Avatar,CodeLlama-7B,Java,Go,14,11,22.7,Y,Y,https://arxiv.org/abs/2308.12950
Avatar,CodeLlama-7B,Java,Python,13.2,12.6,34.1,Y,Y,https://arxiv.org/abs/2308.12950
Avatar,CodeLlama-7B,Python,C,1.6,5.7,10.8,Y,Y,https://arxiv.org/abs/2308.12950
Avatar,CodeLlama-7B,Python,C++,6,5,17.4,Y,Y,https://arxiv.org/abs/2308.12950
Avatar,CodeLlama-7B,Python,Go,8.4,6.2,10.6,Y,Y,https://arxiv.org/abs/2308.12950
Avatar,CodeLlama-7B,Python,Java,20.4,21,33.1,Y,Y,https://arxiv.org/abs/2308.12950
CodeNet,CodeLlama-13B,C,C++,2.5,1.8,7.7,Y,Y,https://arxiv.org/abs/2308.12950
CodeNet,CodeLlama-13B,C,Go,41.5,41.4,57.7,Y,Y,https://arxiv.org/abs/2308.12950
CodeNet,CodeLlama-13B,C,Java,60,60,72.2,Y,Y,https://arxiv.org/abs/2308.12950
CodeNet,CodeLlama-13B,C,Python,2.5,11.9,38,Y,Y,https://arxiv.org/abs/2308.12950
CodeNet,CodeLlama-13B,C++,C,0,1.7,5.8,Y,Y,https://arxiv.org/abs/2308.12950
CodeNet,CodeLlama-13B,C++,Go,23,21.9,47,Y,Y,https://arxiv.org/abs/2308.12950
CodeNet,CodeLlama-13B,C++,Java,59,57.7,71.8,Y,Y,https://arxiv.org/abs/2308.12950
CodeNet,CodeLlama-13B,C++,Python,11.5,12.1,38.4,Y,Y,https://arxiv.org/abs/2308.12950
CodeNet,CodeLlama-13B,Go,C,1.5,1.3,4.2,Y,Y,https://arxiv.org/abs/2308.12950
CodeNet,CodeLlama-13B,Go,C++,2.5,4.3,17.9,Y,Y,https://arxiv.org/abs/2308.12950
CodeNet,CodeLlama-13B,Go,Java,21,23.2,58.1,Y,Y,https://arxiv.org/abs/2308.12950
CodeNet,CodeLlama-13B,Go,Python,27.5,27.2,51.7,Y,Y,https://arxiv.org/abs/2308.12950
CodeNet,CodeLlama-13B,Java,C,0,1.1,3.8,Y,Y,https://arxiv.org/abs/2308.12950
CodeNet,CodeLlama-13B,Java,C++,2.5,3.5,14.5,Y,Y,https://arxiv.org/abs/2308.12950
CodeNet,CodeLlama-13B,Java,Go,6,11.1,36.8,Y,Y,https://arxiv.org/abs/2308.12950
CodeNet,CodeLlama-13B,Java,Python,33.5,33.2,55.1,Y,Y,https://arxiv.org/abs/2308.12950
CodeNet,CodeLlama-13B,Python,C,0,0.7,2.3,Y,Y,https://arxiv.org/abs/2308.12950
CodeNet,CodeLlama-13B,Python,C++,1,2.9,11.7,Y,Y,https://arxiv.org/abs/2308.12950
CodeNet,CodeLlama-13B,Python,Go,15.5,13.4,29.5,Y,Y,https://arxiv.org/abs/2308.12950
CodeNet,CodeLlama-13B,Python,Java,14.5,17.4,50.2,Y,Y,https://arxiv.org/abs/2308.12950
Avatar,CodeLlama-13B,Java,C,0,0.7,2,Y,Y,https://arxiv.org/abs/2308.12950
Avatar,CodeLlama-13B,Java,C++,0,1,4.9,Y,Y,https://arxiv.org/abs/2308.12950
Avatar,CodeLlama-13B,Java,Go,9.2,9.6,19.8,Y,Y,https://arxiv.org/abs/2308.12950
Avatar,CodeLlama-13B,Java,Python,34.8,35,53.2,Y,Y,https://arxiv.org/abs/2308.12950
Avatar,CodeLlama-13B,Python,C,0,0.3,1,Y,Y,https://arxiv.org/abs/2308.12950
Avatar,CodeLlama-13B,Python,C++,0.8,0.9,4.4,Y,Y,https://arxiv.org/abs/2308.12950
Avatar,CodeLlama-13B,Python,Go,3.6,4,11.6,Y,Y,https://arxiv.org/abs/2308.12950
Avatar,CodeLlama-13B,Python,Java,11.6,13.1,30.2,Y,Y,https://arxiv.org/abs/2308.12950
CodeNet,CodeLlama-34B,C,C++,2.5,2.3,9.3,Y,Y,https://arxiv.org/abs/2308.12950
CodeNet,CodeLlama-34B,C,Go,49,47,61.8,Y,Y,https://arxiv.org/abs/2308.12950
CodeNet,CodeLlama-34B,C,Java,60,58.5,72.3,Y,Y,https://arxiv.org/abs/2308.12950
CodeNet,CodeLlama-34B,C,Python,28.5,28.8,45.8,Y,Y,https://arxiv.org/abs/2308.12950
CodeNet,CodeLlama-34B,C++,C,2,2.6,8.5,Y,Y,https://arxiv.org/abs/2308.12950
CodeNet,CodeLlama-34B,C++,Go,26,28.4,57.9,Y,Y,https://arxiv.org/abs/2308.12950
CodeNet,CodeLlama-34B,C++,Java,60.5,61.5,75.8,Y,Y,https://arxiv.org/abs/2308.12950
CodeNet,CodeLlama-34B,C++,Python,33,32,53.1,Y,Y,https://arxiv.org/abs/2308.12950
CodeNet,CodeLlama-34B,Go,C,0.5,1,3.5,Y,Y,https://arxiv.org/abs/2308.12950
CodeNet,CodeLlama-34B,Go,C++,3,4.3,18.9,Y,Y,https://arxiv.org/abs/2308.12950
CodeNet,CodeLlama-34B,Go,Java,38.5,38.2,67.3,Y,Y,https://arxiv.org/abs/2308.12950
CodeNet,CodeLlama-34B,Go,Python,18,19.5,45.3,Y,Y,https://arxiv.org/abs/2308.12950
CodeNet,CodeLlama-34B,Java,C,0,1.2,3.7,Y,Y,https://arxiv.org/abs/2308.12950
CodeNet,CodeLlama-34B,Java,C++,3.5,2.8,12.7,Y,Y,https://arxiv.org/abs/2308.12950
CodeNet,CodeLlama-34B,Java,Go,11.5,15.3,43,Y,Y,https://arxiv.org/abs/2308.12950
CodeNet,CodeLlama-34B,Java,Python,26,24.6,36.4,Y,Y,https://arxiv.org/abs/2308.12950
CodeNet,CodeLlama-34B,Python,C,1,1.3,4.4,Y,Y,https://arxiv.org/abs/2308.12950
CodeNet,CodeLlama-34B,Python,C++,2,3.3,14.6,Y,Y,https://arxiv.org/abs/2308.12950
CodeNet,CodeLlama-34B,Python,Go,21,24.6,47,Y,Y,https://arxiv.org/abs/2308.12950
CodeNet,CodeLlama-34B,Python,Java,9.5,23.4,60.1,Y,Y,https://arxiv.org/abs/2308.12950
Avatar,CodeLlama-34B,Java,C,0,0.6,2,Y,Y,https://arxiv.org/abs/2308.12950
Avatar,CodeLlama-34B,Java,C++,0,1.1,4.9,Y,Y,https://arxiv.org/abs/2308.12950
Avatar,CodeLlama-34B,Java,Go,8,9.6,25.5,Y,Y,https://arxiv.org/abs/2308.12950
Avatar,CodeLlama-34B,Java,Python,15.2,15.6,36.2,Y,Y,https://arxiv.org/abs/2308.12950
Avatar,CodeLlama-34B,Python,C,0,0.5,1.8,Y,Y,https://arxiv.org/abs/2308.12950
Avatar,CodeLlama-34B,Python,C++,0,2.4,10.2,Y,Y,https://arxiv.org/abs/2308.12950
Avatar,CodeLlama-34B,Python,Go,7.2,7.2,15.6,Y,Y,https://arxiv.org/abs/2308.12950
Avatar,CodeLlama-34B,Python,Java,10.4,12.2,28.1,Y,Y,https://arxiv.org/abs/2308.12950
CodeNet,Magicoder-S-CL-7B,C,C++,2.5,2.3,10.2,Y,Y,https://arxiv.org/abs/2312.02120
CodeNet,Magicoder-S-CL-7B,C,Go,5,4.1,9,Y,Y,https://arxiv.org/abs/2312.02120
CodeNet,Magicoder-S-CL-7B,C,Java,33.5,35.3,60.6,Y,Y,https://arxiv.org/abs/2312.02120
CodeNet,Magicoder-S-CL-7B,C,Python,18.5,17.5,34.8,Y,Y,https://arxiv.org/abs/2312.02120
CodeNet,Magicoder-S-CL-7B,C++,C,1,2.6,9.2,Y,Y,https://arxiv.org/abs/2312.02120
CodeNet,Magicoder-S-CL-7B,C++,Go,5,4.8,11.6,Y,Y,https://arxiv.org/abs/2312.02120
CodeNet,Magicoder-S-CL-7B,C++,Java,54,52.8,70.8,Y,Y,https://arxiv.org/abs/2312.02120
CodeNet,Magicoder-S-CL-7B,C++,Python,35.5,31.5,50.3,Y,Y,https://arxiv.org/abs/2312.02120
CodeNet,Magicoder-S-CL-7B,Go,C,0,1.7,5.5,Y,Y,https://arxiv.org/abs/2312.02120
CodeNet,Magicoder-S-CL-7B,Go,C++,10.5,9.7,33.3,Y,Y,https://arxiv.org/abs/2312.02120
CodeNet,Magicoder-S-CL-7B,Go,Java,16,22.1,56,Y,Y,https://arxiv.org/abs/2312.02120
CodeNet,Magicoder-S-CL-7B,Go,Python,30,25.7,46.5,Y,Y,https://arxiv.org/abs/2312.02120
CodeNet,Magicoder-S-CL-7B,Java,C,0,2.1,7.8,Y,Y,https://arxiv.org/abs/2312.02120
CodeNet,Magicoder-S-CL-7B,Java,C++,5.5,6.4,26.8,Y,Y,https://arxiv.org/abs/2312.02120
CodeNet,Magicoder-S-CL-7B,Java,Go,5,5,16.8,Y,Y,https://arxiv.org/abs/2312.02120
CodeNet,Magicoder-S-CL-7B,Java,Python,25.5,24.2,47.6,Y,Y,https://arxiv.org/abs/2312.02120
CodeNet,Magicoder-S-CL-7B,Python,C,0,0.7,2.2,Y,Y,https://arxiv.org/abs/2312.02120
CodeNet,Magicoder-S-CL-7B,Python,C++,6.5,7.5,30.7,Y,Y,https://arxiv.org/abs/2312.02120
CodeNet,Magicoder-S-CL-7B,Python,Go,12,14.2,27.2,Y,Y,https://arxiv.org/abs/2312.02120
CodeNet,Magicoder-S-CL-7B,Python,Java,64,62.1,74.3,Y,Y,https://arxiv.org/abs/2312.02120
Avatar,Magicoder-S-CL-7B,Java,C,0,0.6,2.1,Y,Y,https://arxiv.org/abs/2312.02120
Avatar,Magicoder-S-CL-7B,Java,C++,0.8,3.4,13.9,Y,Y,https://arxiv.org/abs/2312.02120
Avatar,Magicoder-S-CL-7B,Java,Go,2,1.6,5.8,Y,Y,https://arxiv.org/abs/2312.02120
Avatar,Magicoder-S-CL-7B,Java,Python,31.2,30.5,49,Y,Y,https://arxiv.org/abs/2312.02120
Avatar,Magicoder-S-CL-7B,Python,C,0,0.4,1.5,Y,Y,https://arxiv.org/abs/2312.02120
Avatar,Magicoder-S-CL-7B,Python,C++,4,1.9,8.1,Y,Y,https://arxiv.org/abs/2312.02120
Avatar,Magicoder-S-CL-7B,Python,Go,4.8,2.6,8.1,Y,Y,https://arxiv.org/abs/2312.02120
Avatar,Magicoder-S-CL-7B,Python,Java,33.6,31.2,41.6,Y,Y,https://arxiv.org/abs/2312.02120
CodeNet,Magicoder-S-DS-6.7B,C,C++,6.5,6.4,25.5,Y,Y,https://arxiv.org/abs/2312.02120
CodeNet,Magicoder-S-DS-6.7B,C,Go,49.5,47.3,72.8,Y,Y,https://arxiv.org/abs/2312.02120
CodeNet,Magicoder-S-DS-6.7B,C,Java,69,66.7,80,Y,Y,https://arxiv.org/abs/2312.02120
CodeNet,Magicoder-S-DS-6.7B,C,Python,0.5,7.1,27.7,Y,Y,https://arxiv.org/abs/2312.02120
CodeNet,Magicoder-S-DS-6.7B,C++,C,1.5,1.9,6.7,Y,Y,https://arxiv.org/abs/2312.02120
CodeNet,Magicoder-S-DS-6.7B,C++,Go,50,50.7,77.9,Y,Y,https://arxiv.org/abs/2312.02120
CodeNet,Magicoder-S-DS-6.7B,C++,Java,74,68.7,83.7,Y,Y,https://arxiv.org/abs/2312.02120
CodeNet,Magicoder-S-DS-6.7B,C++,Python,3,8,30.2,Y,Y,https://arxiv.org/abs/2312.02120
CodeNet,Magicoder-S-DS-6.7B,Go,C,2,1.7,6.3,Y,Y,https://arxiv.org/abs/2312.02120
CodeNet,Magicoder-S-DS-6.7B,Go,C++,13.5,13.8,50.6,Y,Y,https://arxiv.org/abs/2312.02120
CodeNet,Magicoder-S-DS-6.7B,Go,Java,32,40.2,77.4,Y,Y,https://arxiv.org/abs/2312.02120
CodeNet,Magicoder-S-DS-6.7B,Go,Python,44,37.3,62.1,Y,Y,https://arxiv.org/abs/2312.02120
CodeNet,Magicoder-S-DS-6.7B,Java,C,1.5,1.6,6.9,Y,Y,https://arxiv.org/abs/2312.02120
CodeNet,Magicoder-S-DS-6.7B,Java,C++,14,12.7,45.4,Y,Y,https://arxiv.org/abs/2312.02120
CodeNet,Magicoder-S-DS-6.7B,Java,Go,41,40.7,70.4,Y,Y,https://arxiv.org/abs/2312.02120
CodeNet,Magicoder-S-DS-6.7B,Java,Python,2,8.5,32.4,Y,Y,https://arxiv.org/abs/2312.02120
CodeNet,Magicoder-S-DS-6.7B,Python,C,2,1.5,6,Y,Y,https://arxiv.org/abs/2312.02120
CodeNet,Magicoder-S-DS-6.7B,Python,C++,8.5,15.4,53.7,Y,Y,https://arxiv.org/abs/2312.02120
CodeNet,Magicoder-S-DS-6.7B,Python,Go,30.5,34.2,73.2,Y,Y,https://arxiv.org/abs/2312.02120
CodeNet,Magicoder-S-DS-6.7B,Python,Java,83,82.7,90.6,Y,Y,https://arxiv.org/abs/2312.02120
Avatar,Magicoder-S-DS-6.7B,Java,C,0.4,0.5,2,Y,Y,https://arxiv.org/abs/2312.02120
Avatar,Magicoder-S-DS-6.7B,Java,C++,1.2,1.8,8.4,Y,Y,https://arxiv.org/abs/2312.02120
Avatar,Magicoder-S-DS-6.7B,Java,Go,37.2,32.2,44.1,Y,Y,https://arxiv.org/abs/2312.02120
Avatar,Magicoder-S-DS-6.7B,Java,Python,1.2,8,31.5,Y,Y,https://arxiv.org/abs/2312.02120
Avatar,Magicoder-S-DS-6.7B,Python,C,0,0.7,2.7,Y,Y,https://arxiv.org/abs/2312.02120
Avatar,Magicoder-S-DS-6.7B,Python,C++,0.8,1.5,7.1,Y,Y,https://arxiv.org/abs/2312.02120
Avatar,Magicoder-S-DS-6.7B,Python,Go,19.2,17.7,32.8,Y,Y,https://arxiv.org/abs/2312.02120
Avatar,Magicoder-S-DS-6.7B,Python,Java,48,49.3,61.7,Y,Y,https://arxiv.org/abs/2312.02120
CodeNet,OctoCoder-15.5B,C,C++,1.5,2.9,12.7,Y,Y,https://arxiv.org/abs/2308.07124
CodeNet,OctoCoder-15.5B,C,Go,39,33.5,59,Y,Y,https://arxiv.org/abs/2308.07124
CodeNet,OctoCoder-15.5B,C,Java,1,15.6,49.4,Y,Y,https://arxiv.org/abs/2308.07124
CodeNet,OctoCoder-15.5B,C,Python,1,4.4,18.6,Y,Y,https://arxiv.org/abs/2308.07124
CodeNet,OctoCoder-15.5B,C++,C,0,2.1,7.8,Y,Y,https://arxiv.org/abs/2308.07124
CodeNet,OctoCoder-15.5B,C++,Go,29,28.1,53.6,Y,Y,https://arxiv.org/abs/2308.07124
CodeNet,OctoCoder-15.5B,C++,Java,4,14,45.8,Y,Y,https://arxiv.org/abs/2308.07124
CodeNet,OctoCoder-15.5B,C++,Python,0.5,0.6,2.6,Y,Y,https://arxiv.org/abs/2308.07124
CodeNet,OctoCoder-15.5B,Go,C,0.5,2.8,10.1,Y,Y,https://arxiv.org/abs/2308.07124
CodeNet,OctoCoder-15.5B,Go,C++,6.5,8.6,32.8,Y,Y,https://arxiv.org/abs/2308.07124
CodeNet,OctoCoder-15.5B,Go,Java,0,4.3,18.5,Y,Y,https://arxiv.org/abs/2308.07124
CodeNet,OctoCoder-15.5B,Go,Python,37.5,38.8,59.9,Y,Y,https://arxiv.org/abs/2308.07124
CodeNet,OctoCoder-15.5B,Java,C,0.5,2,6.8,Y,Y,https://arxiv.org/abs/2308.07124
CodeNet,OctoCoder-15.5B,Java,C++,4,6.6,27.7,Y,Y,https://arxiv.org/abs/2308.07124
CodeNet,OctoCoder-15.5B,Java,Go,26,25.8,48.4,Y,Y,https://arxiv.org/abs/2308.07124
CodeNet,OctoCoder-15.5B,Java,Python,23,24.6,42.8,Y,Y,https://arxiv.org/abs/2308.07124
CodeNet,OctoCoder-15.5B,Python,C,0,0.9,4.2,Y,Y,https://arxiv.org/abs/2308.07124
CodeNet,OctoCoder-15.5B,Python,C++,4.5,6.2,25.5,Y,Y,https://arxiv.org/abs/2308.07124
CodeNet,OctoCoder-15.5B,Python,Go,29.5,23.1,38.8,Y,Y,https://arxiv.org/abs/2308.07124
CodeNet,OctoCoder-15.5B,Python,Java,42,41.5,58.9,Y,Y,https://arxiv.org/abs/2308.07124
Avatar,OctoCoder-15.5B,Java,C,0,0.3,1,Y,Y,https://arxiv.org/abs/2308.07124
Avatar,OctoCoder-15.5B,Java,C++,2.4,2.3,10.1,Y,Y,https://arxiv.org/abs/2308.07124
Avatar,OctoCoder-15.5B,Java,Go,11.6,10.6,19.6,Y,Y,https://arxiv.org/abs/2308.07124
Avatar,OctoCoder-15.5B,Java,Python,22.8,25.4,47,Y,Y,https://arxiv.org/abs/2308.07124
Avatar,OctoCoder-15.5B,Python,C,0,0.2,0.9,Y,Y,https://arxiv.org/abs/2308.07124
Avatar,OctoCoder-15.5B,Python,C++,0.8,1.4,6.4,Y,Y,https://arxiv.org/abs/2308.07124
Avatar,OctoCoder-15.5B,Python,Go,4,5.3,12.2,Y,Y,https://arxiv.org/abs/2308.07124
Avatar,OctoCoder-15.5B,Python,Java,22.4,21.4,31.6,Y,Y,https://arxiv.org/abs/2308.07124
CodeNet,WizardCoder-15B,C,C++,1.5,2.5,10.8,Y,Y,https://arxiv.org/abs/2306.08568
CodeNet,WizardCoder-15B,C,Go,26,23.1,56.5,Y,Y,https://arxiv.org/abs/2306.08568
CodeNet,WizardCoder-15B,C,Java,40.5,45.2,67.5,Y,Y,https://arxiv.org/abs/2306.08568
CodeNet,WizardCoder-15B,C,Python,30,27.4,49.8,Y,Y,https://arxiv.org/abs/2306.08568
CodeNet,WizardCoder-15B,C++,C,1,4.6,14.2,Y,Y,https://arxiv.org/abs/2306.08568
CodeNet,WizardCoder-15B,C++,Go,19,20.4,52.7,Y,Y,https://arxiv.org/abs/2306.08568
CodeNet,WizardCoder-15B,C++,Java,54,54.7,74.5,Y,Y,https://arxiv.org/abs/2306.08568
CodeNet,WizardCoder-15B,C++,Python,30.5,32,56.2,Y,Y,https://arxiv.org/abs/2306.08568
CodeNet,WizardCoder-15B,Go,C,0.5,1.1,3.9,Y,Y,https://arxiv.org/abs/2306.08568
CodeNet,WizardCoder-15B,Go,C++,5,4.9,21.5,Y,Y,https://arxiv.org/abs/2306.08568
CodeNet,WizardCoder-15B,Go,Java,53,54.1,70.4,Y,Y,https://arxiv.org/abs/2306.08568
CodeNet,WizardCoder-15B,Go,Python,34,38.3,60.1,Y,Y,https://arxiv.org/abs/2306.08568
CodeNet,WizardCoder-15B,Java,C,0.5,1.4,4.9,Y,Y,https://arxiv.org/abs/2306.08568
CodeNet,WizardCoder-15B,Java,C++,1.5,4.9,21.3,Y,Y,https://arxiv.org/abs/2306.08568
CodeNet,WizardCoder-15B,Java,Go,7,10.2,34.3,Y,Y,https://arxiv.org/abs/2306.08568
CodeNet,WizardCoder-15B,Java,Python,0.5,0.7,2.5,Y,Y,https://arxiv.org/abs/2306.08568
CodeNet,WizardCoder-15B,Python,C,0,1.5,4.8,Y,Y,https://arxiv.org/abs/2306.08568
CodeNet,WizardCoder-15B,Python,C++,3,5.2,22.7,Y,Y,https://arxiv.org/abs/2306.08568
CodeNet,WizardCoder-15B,Python,Go,3.5,12.8,39.4,Y,Y,https://arxiv.org/abs/2306.08568
CodeNet,WizardCoder-15B,Python,Java,40.5,40.1,73.3,Y,Y,https://arxiv.org/abs/2306.08568
Avatar,WizardCoder-15B,Java,C,0.4,0.8,2.6,Y,Y,https://arxiv.org/abs/2306.08568
Avatar,WizardCoder-15B,Java,C++,0,0,0,Y,Y,https://arxiv.org/abs/2306.08568
Avatar,WizardCoder-15B,Java,Go,7.6,5.2,17.6,Y,Y,https://arxiv.org/abs/2306.08568
Avatar,WizardCoder-15B,Java,Python,0,0,0,Y,Y,https://arxiv.org/abs/2306.08568
Avatar,WizardCoder-15B,Python,C,0.4,0.4,1.9,Y,Y,https://arxiv.org/abs/2306.08568
Avatar,WizardCoder-15B,Python,C++,0,1.3,5.5,Y,Y,https://arxiv.org/abs/2306.08568
Avatar,WizardCoder-15B,Python,Go,2.4,4.6,14.5,Y,Y,https://arxiv.org/abs/2306.08568
Avatar,WizardCoder-15B,Python,Java,21.6,20.5,40.4,Y,Y,https://arxiv.org/abs/2306.08568
CodeNet,WizardCoder-33B,C,C++,3.5,9.9,37.2,Y,Y,https://arxiv.org/abs/2306.08568
CodeNet,WizardCoder-33B,C,Go,73.5,73.6,88.4,Y,Y,https://arxiv.org/abs/2306.08568
CodeNet,WizardCoder-33B,C,Java,78.5,78.9,84.3,Y,Y,https://arxiv.org/abs/2306.08568
CodeNet,WizardCoder-33B,C,Python,63,61.4,75.7,Y,Y,https://arxiv.org/abs/2306.08568
CodeNet,WizardCoder-33B,C++,C,1.5,1.8,7.1,Y,Y,https://arxiv.org/abs/2306.08568
CodeNet,WizardCoder-33B,C++,Go,72,70.8,84.1,Y,Y,https://arxiv.org/abs/2306.08568
CodeNet,WizardCoder-33B,C++,Java,82.5,81.7,88.6,Y,Y,https://arxiv.org/abs/2306.08568
CodeNet,WizardCoder-33B,C++,Python,59.5,60.8,76.3,Y,Y,https://arxiv.org/abs/2306.08568
CodeNet,WizardCoder-33B,Go,C,2.5,2.9,9.9,Y,Y,https://arxiv.org/abs/2306.08568
CodeNet,WizardCoder-33B,Go,C++,19,13.2,46.4,Y,Y,https://arxiv.org/abs/2306.08568
CodeNet,WizardCoder-33B,Go,Java,76,75.9,84.6,Y,Y,https://arxiv.org/abs/2306.08568
CodeNet,WizardCoder-33B,Go,Python,59.5,58.3,77.3,Y,Y,https://arxiv.org/abs/2306.08568
CodeNet,WizardCoder-33B,Java,C,2,2.1,6.4,Y,Y,https://arxiv.org/abs/2306.08568
CodeNet,WizardCoder-33B,Java,C++,12,11.6,42.8,Y,Y,https://arxiv.org/abs/2306.08568
CodeNet,WizardCoder-33B,Java,Go,54.5,55.2,84.2,Y,Y,https://arxiv.org/abs/2306.08568
CodeNet,WizardCoder-33B,Java,Python,50.5,53,68.2,Y,Y,https://arxiv.org/abs/2306.08568
CodeNet,WizardCoder-33B,Python,C,0.5,2.7,9,Y,Y,https://arxiv.org/abs/2306.08568
CodeNet,WizardCoder-33B,Python,C++,8.5,10.3,37.9,Y,Y,https://arxiv.org/abs/2306.08568
CodeNet,WizardCoder-33B,Python,Go,27,28.2,58.5,Y,Y,https://arxiv.org/abs/2306.08568
CodeNet,WizardCoder-33B,Python,Java,41.5,43.1,85.2,Y,Y,https://arxiv.org/abs/2306.08568
Avatar,WizardCoder-33B,Java,C,10,9.5,26.2,Y,Y,https://arxiv.org/abs/2306.08568
Avatar,WizardCoder-33B,Java,C++,8.8,15,47.2,Y,Y,https://arxiv.org/abs/2306.08568
Avatar,WizardCoder-33B,Java,Go,60.4,55.2,73.3,Y,Y,https://arxiv.org/abs/2306.08568
Avatar,WizardCoder-33B,Java,Python,57.6,59,74.1,Y,Y,https://arxiv.org/abs/2306.08568
Avatar,WizardCoder-33B,Python,C,3.6,5.8,18.6,Y,Y,https://arxiv.org/abs/2306.08568
Avatar,WizardCoder-33B,Python,C++,10.4,11,35.7,Y,Y,https://arxiv.org/abs/2306.08568
Avatar,WizardCoder-33B,Python,Go,19.6,18.9,39,Y,Y,https://arxiv.org/abs/2306.08568
Avatar,WizardCoder-33B,Python,Java,32.4,32.6,61.1,Y,Y,https://arxiv.org/abs/2306.08568
CodeNet,GPT-4-0613,C,C++,40,-,-,Y,Y,https://arxiv.org/abs/2303.08774
CodeNet,GPT-4-0613,C,Go,72.5,-,-,Y,Y,https://arxiv.org/abs/2303.08774
CodeNet,GPT-4-0613,C,Java,81.5,-,-,Y,Y,https://arxiv.org/abs/2303.08774
CodeNet,GPT-4-0613,C,Python,78,-,-,Y,Y,https://arxiv.org/abs/2303.08774
CodeNet,GPT-4-0613,C++,C,27.5,-,-,Y,Y,https://arxiv.org/abs/2303.08774
CodeNet,GPT-4-0613,C++,Go,71.5,-,-,Y,Y,https://arxiv.org/abs/2303.08774
CodeNet,GPT-4-0613,C++,Java,82.5,-,-,Y,Y,https://arxiv.org/abs/2303.08774
CodeNet,GPT-4-0613,C++,Python,73,-,-,Y,Y,https://arxiv.org/abs/2303.08774
CodeNet,GPT-4-0613,Go,C,16,-,-,Y,Y,https://arxiv.org/abs/2303.08774
CodeNet,GPT-4-0613,Go,C++,45.5,-,-,Y,Y,https://arxiv.org/abs/2303.08774
CodeNet,GPT-4-0613,Go,Java,69,-,-,Y,Y,https://arxiv.org/abs/2303.08774
CodeNet,GPT-4-0613,Go,Python,81.5,-,-,Y,Y,https://arxiv.org/abs/2303.08774
CodeNet,GPT-4-0613,Java,C,19,-,-,Y,Y,https://arxiv.org/abs/2303.08774
CodeNet,GPT-4-0613,Java,C++,40,-,-,Y,Y,https://arxiv.org/abs/2303.08774
CodeNet,GPT-4-0613,Java,Go,70,-,-,Y,Y,https://arxiv.org/abs/2303.08774
CodeNet,GPT-4-0613,Java,Python,76.5,-,-,Y,Y,https://arxiv.org/abs/2303.08774
CodeNet,GPT-4-0613,Python,C,13,-,-,Y,Y,https://arxiv.org/abs/2303.08774
CodeNet,GPT-4-0613,Python,C++,40.5,-,-,Y,Y,https://arxiv.org/abs/2303.08774
CodeNet,GPT-4-0613,Python,Go,62,-,-,Y,Y,https://arxiv.org/abs/2303.08774
CodeNet,GPT-4-0613,Python,Java,83.5,-,-,Y,Y,https://arxiv.org/abs/2303.08774
Avatar,GPT-4-0613,Java,C,8,-,-,Y,Y,https://arxiv.org/abs/2303.08774
Avatar,GPT-4-0613,Java,C++,23.2,-,-,Y,Y,https://arxiv.org/abs/2303.08774
Avatar,GPT-4-0613,Java,Go,58,-,-,Y,Y,https://arxiv.org/abs/2303.08774
Avatar,GPT-4-0613,Java,Python,76.8,-,-,Y,Y,https://arxiv.org/abs/2303.08774
Avatar,GPT-4-0613,Python,C,2,-,-,Y,Y,https://arxiv.org/abs/2303.08774
Avatar,GPT-4-0613,Python,C++,22.8,-,-,Y,Y,https://arxiv.org/abs/2303.08774
Avatar,GPT-4-0613,Python,Go,41.2,-,-,Y,Y,https://arxiv.org/abs/2303.08774
Avatar,GPT-4-0613,Python,Java,56.4,-,-,Y,Y,https://arxiv.org/abs/2303.08774
CodeNet,Mixtral-8x7b-INS-13B,C,C++,28.5,38,78.7,Y,Y,https://arxiv.org/abs/2401.04088
CodeNet,Mixtral-8x7b-INS-13B,C,Go,32.5,32,56.5,Y,Y,https://arxiv.org/abs/2401.04088
CodeNet,Mixtral-8x7b-INS-13B,C,Java,40,42,62.3,Y,Y,https://arxiv.org/abs/2401.04088
CodeNet,Mixtral-8x7b-INS-13B,C,Python,23.5,27.1,49.9,Y,Y,https://arxiv.org/abs/2401.04088
CodeNet,Mixtral-8x7b-INS-13B,C++,C,14.5,26,63.1,Y,Y,https://arxiv.org/abs/2401.04088
CodeNet,Mixtral-8x7b-INS-13B,C++,Go,22.5,22.3,44.5,Y,Y,https://arxiv.org/abs/2401.04088
CodeNet,Mixtral-8x7b-INS-13B,C++,Java,46,46.3,65.3,Y,Y,https://arxiv.org/abs/2401.04088
CodeNet,Mixtral-8x7b-INS-13B,C++,Python,38,35.2,60.1,Y,Y,https://arxiv.org/abs/2401.04088
CodeNet,Mixtral-8x7b-INS-13B,Go,C,14.5,26.4,56.2,Y,Y,https://arxiv.org/abs/2401.04088
CodeNet,Mixtral-8x7b-INS-13B,Go,C++,32.5,25.4,57.7,Y,Y,https://arxiv.org/abs/2401.04088
CodeNet,Mixtral-8x7b-INS-13B,Go,Java,42,39.8,63.4,Y,Y,https://arxiv.org/abs/2401.04088
CodeNet,Mixtral-8x7b-INS-13B,Go,Python,15.5,16.4,36.8,Y,Y,https://arxiv.org/abs/2401.04088
CodeNet,Mixtral-8x7b-INS-13B,Java,C,11,26.7,58.4,Y,Y,https://arxiv.org/abs/2401.04088
CodeNet,Mixtral-8x7b-INS-13B,Java,C++,37.5,33.4,71.5,Y,Y,https://arxiv.org/abs/2401.04088
CodeNet,Mixtral-8x7b-INS-13B,Java,Go,8.5,11.1,29.2,Y,Y,https://arxiv.org/abs/2401.04088
CodeNet,Mixtral-8x7b-INS-13B,Java,Python,35.5,35.6,62.5,Y,Y,https://arxiv.org/abs/2401.04088
CodeNet,Mixtral-8x7b-INS-13B,Python,C,8,11.6,35.6,Y,Y,https://arxiv.org/abs/2401.04088
CodeNet,Mixtral-8x7b-INS-13B,Python,C++,10,11.2,30.5,Y,Y,https://arxiv.org/abs/2401.04088
CodeNet,Mixtral-8x7b-INS-13B,Python,Go,7,7.4,20.2,Y,Y,https://arxiv.org/abs/2401.04088
CodeNet,Mixtral-8x7b-INS-13B,Python,Java,60,57.4,74.9,Y,Y,https://arxiv.org/abs/2401.04088
Avatar,Mixtral-8x7b-INS-13B,Java,C,6.8,14.4,31.7,Y,Y,https://arxiv.org/abs/2401.04088
Avatar,Mixtral-8x7b-INS-13B,Java,C++,20.4,16.6,45.9,Y,Y,https://arxiv.org/abs/2401.04088
Avatar,Mixtral-8x7b-INS-13B,Java,Go,8.8,8.5,20.5,Y,Y,https://arxiv.org/abs/2401.04088
Avatar,Mixtral-8x7b-INS-13B,Java,Python,37.6,36.9,59.9,Y,Y,https://arxiv.org/abs/2401.04088
Avatar,Mixtral-8x7b-INS-13B,Python,C,4.4,3.6,9.9,Y,Y,https://arxiv.org/abs/2401.04088
Avatar,Mixtral-8x7b-INS-13B,Python,C++,8,5.9,19.9,Y,Y,https://arxiv.org/abs/2401.04088
Avatar,Mixtral-8x7b-INS-13B,Python,Go,2,3,10.4,Y,Y,https://arxiv.org/abs/2401.04088
Avatar,Mixtral-8x7b-INS-13B,Python,Java,31.2,28.6,42.8,Y,Y,https://arxiv.org/abs/2401.04088
CodeNet,Phi-2-2.7B,C,C++,19.5,28.1,62.9,Y,Y,https://www.microsoft.com/en-us/research/blog/phi-2-the-surprising-power-of-smAll Dataset-language-models/
CodeNet,Phi-2-2.7B,C,Go,1,1.9,8.5,Y,Y,https://www.microsoft.com/en-us/research/blog/phi-2-the-surprising-power-of-smAll Dataset-language-models/
CodeNet,Phi-2-2.7B,C,Java,18.5,15,32.4,Y,Y,https://www.microsoft.com/en-us/research/blog/phi-2-the-surprising-power-of-smAll Dataset-language-models/
CodeNet,Phi-2-2.7B,C,Python,31,31.6,42.9,Y,Y,https://www.microsoft.com/en-us/research/blog/phi-2-the-surprising-power-of-smAll Dataset-language-models/
CodeNet,Phi-2-2.7B,C++,C,3,6.5,16.8,Y,Y,https://www.microsoft.com/en-us/research/blog/phi-2-the-surprising-power-of-smAll Dataset-language-models/
CodeNet,Phi-2-2.7B,C++,Go,3.5,3.5,8.4,Y,Y,https://www.microsoft.com/en-us/research/blog/phi-2-the-surprising-power-of-smAll Dataset-language-models/
CodeNet,Phi-2-2.7B,C++,Java,34,27.4,45.6,Y,Y,https://www.microsoft.com/en-us/research/blog/phi-2-the-surprising-power-of-smAll Dataset-language-models/
CodeNet,Phi-2-2.7B,C++,Python,30.5,27.9,39,Y,Y,https://www.microsoft.com/en-us/research/blog/phi-2-the-surprising-power-of-smAll Dataset-language-models/
CodeNet,Phi-2-2.7B,Go,C,5,8.3,24.3,Y,Y,https://www.microsoft.com/en-us/research/blog/phi-2-the-surprising-power-of-smAll Dataset-language-models/
CodeNet,Phi-2-2.7B,Go,C++,16.5,17.6,42.5,Y,Y,https://www.microsoft.com/en-us/research/blog/phi-2-the-surprising-power-of-smAll Dataset-language-models/
CodeNet,Phi-2-2.7B,Go,Java,1,3.8,17,Y,Y,https://www.microsoft.com/en-us/research/blog/phi-2-the-surprising-power-of-smAll Dataset-language-models/
CodeNet,Phi-2-2.7B,Go,Python,27.5,27.4,37.6,Y,Y,https://www.microsoft.com/en-us/research/blog/phi-2-the-surprising-power-of-smAll Dataset-language-models/
CodeNet,Phi-2-2.7B,Java,C,8,16.4,31.5,Y,Y,https://www.microsoft.com/en-us/research/blog/phi-2-the-surprising-power-of-smAll Dataset-language-models/
CodeNet,Phi-2-2.7B,Java,C++,21.5,19.5,45.1,Y,Y,https://www.microsoft.com/en-us/research/blog/phi-2-the-surprising-power-of-smAll Dataset-language-models/
CodeNet,Phi-2-2.7B,Java,Go,0.5,0.2,1.3,Y,Y,https://www.microsoft.com/en-us/research/blog/phi-2-the-surprising-power-of-smAll Dataset-language-models/
CodeNet,Phi-2-2.7B,Java,Python,20,20.4,35.1,Y,Y,https://www.microsoft.com/en-us/research/blog/phi-2-the-surprising-power-of-smAll Dataset-language-models/
CodeNet,Phi-2-2.7B,Python,C,7,9.3,27.1,Y,Y,https://www.microsoft.com/en-us/research/blog/phi-2-the-surprising-power-of-smAll Dataset-language-models/
CodeNet,Phi-2-2.7B,Python,C++,28,24.2,50.6,Y,Y,https://www.microsoft.com/en-us/research/blog/phi-2-the-surprising-power-of-smAll Dataset-language-models/
CodeNet,Phi-2-2.7B,Python,Go,0,0.4,2.1,Y,Y,https://www.microsoft.com/en-us/research/blog/phi-2-the-surprising-power-of-smAll Dataset-language-models/
CodeNet,Phi-2-2.7B,Python,Java,37.5,36.7,54.4,Y,Y,https://www.microsoft.com/en-us/research/blog/phi-2-the-surprising-power-of-smAll Dataset-language-models/
Avatar,Phi-2-2.7B,Java,C,5.2,4.3,9.9,Y,Y,https://www.microsoft.com/en-us/research/blog/phi-2-the-surprising-power-of-smAll Dataset-language-models/
Avatar,Phi-2-2.7B,Java,C++,12.4,9.4,26.3,Y,Y,https://www.microsoft.com/en-us/research/blog/phi-2-the-surprising-power-of-smAll Dataset-language-models/
Avatar,Phi-2-2.7B,Java,Go,0,0,0.2,Y,Y,https://www.microsoft.com/en-us/research/blog/phi-2-the-surprising-power-of-smAll Dataset-language-models/
Avatar,Phi-2-2.7B,Java,Python,22,21.6,34.5,Y,Y,https://www.microsoft.com/en-us/research/blog/phi-2-the-surprising-power-of-smAll Dataset-language-models/
Avatar,Phi-2-2.7B,Python,C,1.6,1.8,5.3,Y,Y,https://www.microsoft.com/en-us/research/blog/phi-2-the-surprising-power-of-smAll Dataset-language-models/
Avatar,Phi-2-2.7B,Python,C++,7.6,6.8,17.8,Y,Y,https://www.microsoft.com/en-us/research/blog/phi-2-the-surprising-power-of-smAll Dataset-language-models/
Avatar,Phi-2-2.7B,Python,Go,0,0,0.2,Y,Y,https://www.microsoft.com/en-us/research/blog/phi-2-the-surprising-power-of-smAll Dataset-language-models/
Avatar,Phi-2-2.7B,Python,Java,16.8,14.4,20.3,Y,Y,https://www.microsoft.com/en-us/research/blog/phi-2-the-surprising-power-of-smAll Dataset-language-models/
CodeNet,DeepSeekCoder-1.3B-INS,C,C++,22.5,44.7,81.2,Y,Y,https://arxiv.org/abs/2401.14196
CodeNet,DeepSeekCoder-1.3B-INS,C,Go,43.5,44.1,61.7,Y,Y,https://arxiv.org/abs/2401.14196
CodeNet,DeepSeekCoder-1.3B-INS,C,Java,55.5,58.9,73.6,Y,Y,https://arxiv.org/abs/2401.14196
CodeNet,DeepSeekCoder-1.3B-INS,C,Python,30.5,31.1,55.1,Y,Y,https://arxiv.org/abs/2401.14196
CodeNet,DeepSeekCoder-1.3B-INS,C++,C,13.5,25.8,57.8,Y,Y,https://arxiv.org/abs/2401.14196
CodeNet,DeepSeekCoder-1.3B-INS,C++,Go,32.5,32.5,56.4,Y,Y,https://arxiv.org/abs/2401.14196
CodeNet,DeepSeekCoder-1.3B-INS,C++,Java,66,67.2,76.9,Y,Y,https://arxiv.org/abs/2401.14196
CodeNet,DeepSeekCoder-1.3B-INS,C++,Python,52,52.7,61.4,Y,Y,https://arxiv.org/abs/2401.14196
CodeNet,DeepSeekCoder-1.3B-INS,Go,C,8.5,22.1,51.9,Y,Y,https://arxiv.org/abs/2401.14196
CodeNet,DeepSeekCoder-1.3B-INS,Go,C++,39,36.3,72.1,Y,Y,https://arxiv.org/abs/2401.14196
CodeNet,DeepSeekCoder-1.3B-INS,Go,Java,66,62,71.7,Y,Y,https://arxiv.org/abs/2401.14196
CodeNet,DeepSeekCoder-1.3B-INS,Go,Python,45,39.4,63,Y,Y,https://arxiv.org/abs/2401.14196
CodeNet,DeepSeekCoder-1.3B-INS,Java,C,8.5,10.7,34.3,Y,Y,https://arxiv.org/abs/2401.14196
CodeNet,DeepSeekCoder-1.3B-INS,Java,C++,38.5,35.2,73.3,Y,Y,https://arxiv.org/abs/2401.14196
CodeNet,DeepSeekCoder-1.3B-INS,Java,Go,27,28.1,51.5,Y,Y,https://arxiv.org/abs/2401.14196
CodeNet,DeepSeekCoder-1.3B-INS,Java,Python,40,40.8,57.2,Y,Y,https://arxiv.org/abs/2401.14196
CodeNet,DeepSeekCoder-1.3B-INS,Python,C,11.5,22.3,50.5,Y,Y,https://arxiv.org/abs/2401.14196
CodeNet,DeepSeekCoder-1.3B-INS,Python,C++,29,34.5,71.5,Y,Y,https://arxiv.org/abs/2401.14196
CodeNet,DeepSeekCoder-1.3B-INS,Python,Go,17,16.9,37.2,Y,Y,https://arxiv.org/abs/2401.14196
CodeNet,DeepSeekCoder-1.3B-INS,Python,Java,63.5,65.7,79.3,Y,Y,https://arxiv.org/abs/2401.14196
Avatar,DeepSeekCoder-1.3B-INS,Java,C,4.4,5.4,18.8,Y,Y,https://arxiv.org/abs/2401.14196
Avatar,DeepSeekCoder-1.3B-INS,Java,C++,16,13,40,Y,Y,https://arxiv.org/abs/2401.14196
Avatar,DeepSeekCoder-1.3B-INS,Java,Go,30.4,25.7,42.6,Y,Y,https://arxiv.org/abs/2401.14196
Avatar,DeepSeekCoder-1.3B-INS,Java,Python,37.6,34.7,54.8,Y,Y,https://arxiv.org/abs/2401.14196
Avatar,DeepSeekCoder-1.3B-INS,Python,C,0.4,5,13.3,Y,Y,https://arxiv.org/abs/2401.14196
Avatar,DeepSeekCoder-1.3B-INS,Python,C++,4.8,8.1,21.7,Y,Y,https://arxiv.org/abs/2401.14196
Avatar,DeepSeekCoder-1.3B-INS,Python,Go,6,5.2,15.1,Y,Y,https://arxiv.org/abs/2401.14196
Avatar,DeepSeekCoder-1.3B-INS,Python,Java,37.2,33.7,48.3,Y,Y,https://arxiv.org/abs/2401.14196
CodeNet,Gemini-1.0-Pro,C,C++,27,-,-,Y,Y,https://deepmind.google/technologies/gemini/
CodeNet,Gemini-1.0-Pro,C,Go,9,-,-,Y,Y,https://deepmind.google/technologies/gemini/
CodeNet,Gemini-1.0-Pro,C,Java,71,-,-,Y,Y,https://deepmind.google/technologies/gemini/
CodeNet,Gemini-1.0-Pro,C,Python,53,-,-,Y,Y,https://deepmind.google/technologies/gemini/
CodeNet,Gemini-1.0-Pro,C++,C,11,-,-,Y,Y,https://deepmind.google/technologies/gemini/
CodeNet,Gemini-1.0-Pro,C++,Go,44,-,-,Y,Y,https://deepmind.google/technologies/gemini/
CodeNet,Gemini-1.0-Pro,C++,Java,74,-,-,Y,Y,https://deepmind.google/technologies/gemini/
CodeNet,Gemini-1.0-Pro,C++,Python,57,-,-,Y,Y,https://deepmind.google/technologies/gemini/
CodeNet,Gemini-1.0-Pro,Go,C,22.5,-,-,Y,Y,https://deepmind.google/technologies/gemini/
CodeNet,Gemini-1.0-Pro,Go,C++,25.5,-,-,Y,Y,https://deepmind.google/technologies/gemini/
CodeNet,Gemini-1.0-Pro,Go,Java,62.5,-,-,Y,Y,https://deepmind.google/technologies/gemini/
CodeNet,Gemini-1.0-Pro,Go,Python,61,-,-,Y,Y,https://deepmind.google/technologies/gemini/
CodeNet,Gemini-1.0-Pro,Java,C,8.5,-,-,Y,Y,https://deepmind.google/technologies/gemini/
CodeNet,Gemini-1.0-Pro,Java,C++,28,-,-,Y,Y,https://deepmind.google/technologies/gemini/
CodeNet,Gemini-1.0-Pro,Java,Go,5,-,-,Y,Y,https://deepmind.google/technologies/gemini/
CodeNet,Gemini-1.0-Pro,Java,Python,52.5,-,-,Y,Y,https://deepmind.google/technologies/gemini/
CodeNet,Gemini-1.0-Pro,Python,C,4.5,-,-,Y,Y,https://deepmind.google/technologies/gemini/
CodeNet,Gemini-1.0-Pro,Python,C++,4,-,-,Y,Y,https://deepmind.google/technologies/gemini/
CodeNet,Gemini-1.0-Pro,Python,Go,18.5,-,-,Y,Y,https://deepmind.google/technologies/gemini/
CodeNet,Gemini-1.0-Pro,Python,Java,71,-,-,Y,Y,https://deepmind.google/technologies/gemini/
Avatar,Gemini-1.0-Pro,Java,C,2,-,-,Y,Y,https://deepmind.google/technologies/gemini/
Avatar,Gemini-1.0-Pro,Java,C++,6.8,-,-,Y,Y,https://deepmind.google/technologies/gemini/
Avatar,Gemini-1.0-Pro,Java,Go,4,-,-,Y,Y,https://deepmind.google/technologies/gemini/
Avatar,Gemini-1.0-Pro,Java,Python,48.4,-,-,Y,Y,https://deepmind.google/technologies/gemini/
Avatar,Gemini-1.0-Pro,Python,C,0.8,-,-,Y,Y,https://deepmind.google/technologies/gemini/
Avatar,Gemini-1.0-Pro,Python,C++,4,-,-,Y,Y,https://deepmind.google/technologies/gemini/
Avatar,Gemini-1.0-Pro,Python,Go,8,-,-,Y,Y,https://deepmind.google/technologies/gemini/
Avatar,Gemini-1.0-Pro,Python,Java,37.6,-,-,Y,Y,https://deepmind.google/technologies/gemini/
CodeNet,GPT-4-0125-Preview,C,C++,29,-,-,Y,Y,https://arxiv.org/abs/2303.08774
CodeNet,GPT-4-0125-Preview,C,Go,75.5,-,-,Y,Y,https://arxiv.org/abs/2303.08774
CodeNet,GPT-4-0125-Preview,C,Java,82,-,-,Y,Y,https://arxiv.org/abs/2303.08774
CodeNet,GPT-4-0125-Preview,C,Python,69.5,-,-,Y,Y,https://arxiv.org/abs/2303.08774
CodeNet,GPT-4-0125-Preview,C++,C,8.5,-,-,Y,Y,https://arxiv.org/abs/2303.08774
CodeNet,GPT-4-0125-Preview,C++,Go,75,-,-,Y,Y,https://arxiv.org/abs/2303.08774
CodeNet,GPT-4-0125-Preview,C++,Java,87.5,-,-,Y,Y,https://arxiv.org/abs/2303.08774
CodeNet,GPT-4-0125-Preview,C++,Python,62,-,-,Y,Y,https://arxiv.org/abs/2303.08774
CodeNet,GPT-4-0125-Preview,Go,C,15,-,-,Y,Y,https://arxiv.org/abs/2303.08774
CodeNet,GPT-4-0125-Preview,Go,C++,31,-,-,Y,Y,https://arxiv.org/abs/2303.08774
CodeNet,GPT-4-0125-Preview,Go,Java,69.5,-,-,Y,Y,https://arxiv.org/abs/2303.08774
CodeNet,GPT-4-0125-Preview,Go,Python,62,-,-,Y,Y,https://arxiv.org/abs/2303.08774
CodeNet,GPT-4-0125-Preview,Java,C,5,-,-,Y,Y,https://arxiv.org/abs/2303.08774
CodeNet,GPT-4-0125-Preview,Java,C++,28,-,-,Y,Y,https://arxiv.org/abs/2303.08774
CodeNet,GPT-4-0125-Preview,Java,Go,65.5,-,-,Y,Y,https://arxiv.org/abs/2303.08774
CodeNet,GPT-4-0125-Preview,Java,Python,60.5,-,-,Y,Y,https://arxiv.org/abs/2303.08774
CodeNet,GPT-4-0125-Preview,Python,C,15.5,-,-,Y,Y,https://arxiv.org/abs/2303.08774
CodeNet,GPT-4-0125-Preview,Python,C++,26,-,-,Y,Y,https://arxiv.org/abs/2303.08774
CodeNet,GPT-4-0125-Preview,Python,Go,64.5,-,-,Y,Y,https://arxiv.org/abs/2303.08774
CodeNet,GPT-4-0125-Preview,Python,Java,90,-,-,Y,Y,https://arxiv.org/abs/2303.08774
Avatar,GPT-4-0125-Preview,Java,C,4.8,-,-,Y,Y,https://arxiv.org/abs/2303.08774
Avatar,GPT-4-0125-Preview,Java,C++,12.8,-,-,Y,Y,https://arxiv.org/abs/2303.08774
Avatar,GPT-4-0125-Preview,Java,Go,62,-,-,Y,Y,https://arxiv.org/abs/2303.08774
Avatar,GPT-4-0125-Preview,Java,Python,67.2,-,-,Y,Y,https://arxiv.org/abs/2303.08774
Avatar,GPT-4-0125-Preview,Python,C,2,-,-,Y,Y,https://arxiv.org/abs/2303.08774
Avatar,GPT-4-0125-Preview,Python,C++,4,-,-,Y,Y,https://arxiv.org/abs/2303.08774
Avatar,GPT-4-0125-Preview,Python,Go,50.4,-,-,Y,Y,https://arxiv.org/abs/2303.08774
Avatar,GPT-4-0125-Preview,Python,Java,65.2,-,-,Y,Y,https://arxiv.org/abs/2303.08774
CodeNet,GPT-3.5-Turbo,C,C++,40,-,-,Y,Y,https://openai.com/blog/new-models-and-developer-products-announced-at-devday
CodeNet,GPT-3.5-Turbo,C,Go,74.5,-,-,Y,Y,https://openai.com/blog/new-models-and-developer-products-announced-at-devday
CodeNet,GPT-3.5-Turbo,C,Java,77.5,-,-,Y,Y,https://openai.com/blog/new-models-and-developer-products-announced-at-devday
CodeNet,GPT-3.5-Turbo,C,Python,65.5,-,-,Y,Y,https://openai.com/blog/new-models-and-developer-products-announced-at-devday
CodeNet,GPT-3.5-Turbo,C++,C,9,-,-,Y,Y,https://openai.com/blog/new-models-and-developer-products-announced-at-devday
CodeNet,GPT-3.5-Turbo,C++,Go,80.5,-,-,Y,Y,https://openai.com/blog/new-models-and-developer-products-announced-at-devday
CodeNet,GPT-3.5-Turbo,C++,Java,79,-,-,Y,Y,https://openai.com/blog/new-models-and-developer-products-announced-at-devday
CodeNet,GPT-3.5-Turbo,C++,Python,63.5,-,-,Y,Y,https://openai.com/blog/new-models-and-developer-products-announced-at-devday
CodeNet,GPT-3.5-Turbo,Go,C,9.5,-,-,Y,Y,https://openai.com/blog/new-models-and-developer-products-announced-at-devday
CodeNet,GPT-3.5-Turbo,Go,C++,30,-,-,Y,Y,https://openai.com/blog/new-models-and-developer-products-announced-at-devday
CodeNet,GPT-3.5-Turbo,Go,Java,58,-,-,Y,Y,https://openai.com/blog/new-models-and-developer-products-announced-at-devday
CodeNet,GPT-3.5-Turbo,Go,Python,58,-,-,Y,Y,https://openai.com/blog/new-models-and-developer-products-announced-at-devday
CodeNet,GPT-3.5-Turbo,Java,C,8,-,-,Y,Y,https://openai.com/blog/new-models-and-developer-products-announced-at-devday
CodeNet,GPT-3.5-Turbo,Java,C++,29,-,-,Y,Y,https://openai.com/blog/new-models-and-developer-products-announced-at-devday
CodeNet,GPT-3.5-Turbo,Java,Go,71,-,-,Y,Y,https://openai.com/blog/new-models-and-developer-products-announced-at-devday
CodeNet,GPT-3.5-Turbo,Java,Python,60,-,-,Y,Y,https://openai.com/blog/new-models-and-developer-products-announced-at-devday
CodeNet,GPT-3.5-Turbo,Python,C,10.5,-,-,Y,Y,https://openai.com/blog/new-models-and-developer-products-announced-at-devday
CodeNet,GPT-3.5-Turbo,Python,C++,33,-,-,Y,Y,https://openai.com/blog/new-models-and-developer-products-announced-at-devday
CodeNet,GPT-3.5-Turbo,Python,Go,64.5,-,-,Y,Y,https://openai.com/blog/new-models-and-developer-products-announced-at-devday
CodeNet,GPT-3.5-Turbo,Python,Java,78.5,-,-,Y,Y,https://openai.com/blog/new-models-and-developer-products-announced-at-devday
Avatar,GPT-3.5-Turbo,Java,C,13.6,-,-,Y,Y,https://openai.com/blog/new-models-and-developer-products-announced-at-devday
Avatar,GPT-3.5-Turbo,Java,C++,14.4,-,-,Y,Y,https://openai.com/blog/new-models-and-developer-products-announced-at-devday
Avatar,GPT-3.5-Turbo,Java,Go,60,-,-,Y,Y,https://openai.com/blog/new-models-and-developer-products-announced-at-devday
Avatar,GPT-3.5-Turbo,Java,Python,60.8,-,-,Y,Y,https://openai.com/blog/new-models-and-developer-products-announced-at-devday
Avatar,GPT-3.5-Turbo,Python,C,2.8,-,-,Y,Y,https://openai.com/blog/new-models-and-developer-products-announced-at-devday
Avatar,GPT-3.5-Turbo,Python,C++,11.6,-,-,Y,Y,https://openai.com/blog/new-models-and-developer-products-announced-at-devday
Avatar,GPT-3.5-Turbo,Python,Go,42.8,-,-,Y,Y,https://openai.com/blog/new-models-and-developer-products-announced-at-devday
Avatar,GPT-3.5-Turbo,Python,Java,51.2,-,-,Y,Y,https://openai.com/blog/new-models-and-developer-products-announced-at-devday
CodeNet,Claude-3-Opus,C,C++,32,-,-,Y,Y,https://www.anthropic.com/news/claude-3-family
CodeNet,Claude-3-Opus,C,Go,79.5,-,-,Y,Y,https://www.anthropic.com/news/claude-3-family
CodeNet,Claude-3-Opus,C,Java,79,-,-,Y,Y,https://www.anthropic.com/news/claude-3-family
CodeNet,Claude-3-Opus,C,Python,71,-,-,Y,Y,https://www.anthropic.com/news/claude-3-family
CodeNet,Claude-3-Opus,C++,C,26,-,-,Y,Y,https://www.anthropic.com/news/claude-3-family
CodeNet,Claude-3-Opus,C++,Go,81,-,-,Y,Y,https://www.anthropic.com/news/claude-3-family
CodeNet,Claude-3-Opus,C++,Java,87,-,-,Y,Y,https://www.anthropic.com/news/claude-3-family
CodeNet,Claude-3-Opus,C++,Python,71,-,-,Y,Y,https://www.anthropic.com/news/claude-3-family
CodeNet,Claude-3-Opus,Go,C,12.5,-,-,Y,Y,https://www.anthropic.com/news/claude-3-family
CodeNet,Claude-3-Opus,Go,C++,34.5,-,-,Y,Y,https://www.anthropic.com/news/claude-3-family
CodeNet,Claude-3-Opus,Go,Java,70,-,-,Y,Y,https://www.anthropic.com/news/claude-3-family
CodeNet,Claude-3-Opus,Go,Python,66,-,-,Y,Y,https://www.anthropic.com/news/claude-3-family
CodeNet,Claude-3-Opus,Java,C,13,-,-,Y,Y,https://www.anthropic.com/news/claude-3-family
CodeNet,Claude-3-Opus,Java,C++,42,-,-,Y,Y,https://www.anthropic.com/news/claude-3-family
CodeNet,Claude-3-Opus,Java,Go,80,-,-,Y,Y,https://www.anthropic.com/news/claude-3-family
CodeNet,Claude-3-Opus,Java,Python,66,-,-,Y,Y,https://www.anthropic.com/news/claude-3-family
CodeNet,Claude-3-Opus,Python,C,10.5,-,-,Y,Y,https://www.anthropic.com/news/claude-3-family
CodeNet,Claude-3-Opus,Python,C++,39,-,-,Y,Y,https://www.anthropic.com/news/claude-3-family
CodeNet,Claude-3-Opus,Python,Go,78.5,-,-,Y,Y,https://www.anthropic.com/news/claude-3-family
CodeNet,Claude-3-Opus,Python,Java,91.5,-,-,Y,Y,https://www.anthropic.com/news/claude-3-family
Avatar,Claude-3-Opus,Java,C,6,-,-,Y,Y,https://www.anthropic.com/news/claude-3-family
Avatar,Claude-3-Opus,Java,C++,15.6,-,-,Y,Y,https://www.anthropic.com/news/claude-3-family
Avatar,Claude-3-Opus,Java,Go,68.4,-,-,Y,Y,https://www.anthropic.com/news/claude-3-family
Avatar,Claude-3-Opus,Java,Python,68.4,-,-,Y,Y,https://www.anthropic.com/news/claude-3-family
Avatar,Claude-3-Opus,Python,C,3.2,-,-,Y,Y,https://www.anthropic.com/news/claude-3-family
Avatar,Claude-3-Opus,Python,C++,17.2,-,-,Y,Y,https://www.anthropic.com/news/claude-3-family
Avatar,Claude-3-Opus,Python,Go,57.6,-,-,Y,Y,https://www.anthropic.com/news/claude-3-family
Avatar,Claude-3-Opus,Python,Java,65.6,-,-,Y,Y,https://www.anthropic.com/news/claude-3-family
CodeNet,DeepSeekCoder-6.7B-INS,C,C++,26,43.1,85.6,Y,Y,https://arxiv.org/abs/2401.14196
CodeNet,DeepSeekCoder-6.7B-INS,C,Go,65.5,59.3,77,Y,Y,https://arxiv.org/abs/2401.14196
CodeNet,DeepSeekCoder-6.7B-INS,C,Java,71,71.7,79.7,Y,Y,https://arxiv.org/abs/2401.14196
CodeNet,DeepSeekCoder-6.7B-INS,C,Python,56.5,56,70.6,Y,Y,https://arxiv.org/abs/2401.14196
CodeNet,DeepSeekCoder-6.7B-INS,C++,C,13,34.1,74,Y,Y,https://arxiv.org/abs/2401.14196
CodeNet,DeepSeekCoder-6.7B-INS,C++,Go,62.5,61.6,79.2,Y,Y,https://arxiv.org/abs/2401.14196
CodeNet,DeepSeekCoder-6.7B-INS,C++,Java,79,78.7,87.3,Y,Y,https://arxiv.org/abs/2401.14196
CodeNet,DeepSeekCoder-6.7B-INS,C++,Python,59.5,57.8,70.1,Y,Y,https://arxiv.org/abs/2401.14196
CodeNet,DeepSeekCoder-6.7B-INS,Go,C,7,36.4,69.8,Y,Y,https://arxiv.org/abs/2401.14196
CodeNet,DeepSeekCoder-6.7B-INS,Go,C++,30,36.5,78.6,Y,Y,https://arxiv.org/abs/2401.14196
CodeNet,DeepSeekCoder-6.7B-INS,Go,Java,66.5,64.2,79.2,Y,Y,https://arxiv.org/abs/2401.14196
CodeNet,DeepSeekCoder-6.7B-INS,Go,Python,53,53,67.3,Y,Y,https://arxiv.org/abs/2401.14196
CodeNet,DeepSeekCoder-6.7B-INS,Java,C,6.5,27.2,62.5,Y,Y,https://arxiv.org/abs/2401.14196
CodeNet,DeepSeekCoder-6.7B-INS,Java,C++,29.5,36.2,81.3,Y,Y,https://arxiv.org/abs/2401.14196
CodeNet,DeepSeekCoder-6.7B-INS,Java,Go,45,48,79.9,Y,Y,https://arxiv.org/abs/2401.14196
CodeNet,DeepSeekCoder-6.7B-INS,Java,Python,54.5,55.2,70.3,Y,Y,https://arxiv.org/abs/2401.14196
CodeNet,DeepSeekCoder-6.7B-INS,Python,C,9.5,20,54.8,Y,Y,https://arxiv.org/abs/2401.14196
CodeNet,DeepSeekCoder-6.7B-INS,Python,C++,42.5,44.7,86.2,Y,Y,https://arxiv.org/abs/2401.14196
CodeNet,DeepSeekCoder-6.7B-INS,Python,Go,33,36.5,75.5,Y,Y,https://arxiv.org/abs/2401.14196
CodeNet,DeepSeekCoder-6.7B-INS,Python,Java,85,84.2,90.9,Y,Y,https://arxiv.org/abs/2401.14196
Avatar,DeepSeekCoder-6.7B-INS,Java,C,4.8,12.3,31.8,Y,Y,https://arxiv.org/abs/2401.14196
Avatar,DeepSeekCoder-6.7B-INS,Java,C++,7.2,16,44,Y,Y,https://arxiv.org/abs/2401.14196
Avatar,DeepSeekCoder-6.7B-INS,Java,Go,50.4,46.4,65.8,Y,Y,https://arxiv.org/abs/2401.14196
Avatar,DeepSeekCoder-6.7B-INS,Java,Python,56,55.2,70.2,Y,Y,https://arxiv.org/abs/2401.14196
Avatar,DeepSeekCoder-6.7B-INS,Python,C,2.4,9.1,23.5,Y,Y,https://arxiv.org/abs/2401.14196
Avatar,DeepSeekCoder-6.7B-INS,Python,C++,14.4,17.6,37.6,Y,Y,https://arxiv.org/abs/2401.14196
Avatar,DeepSeekCoder-6.7B-INS,Python,Go,23.6,22,42.9,Y,Y,https://arxiv.org/abs/2401.14196
Avatar,DeepSeekCoder-6.7B-INS,Python,Java,51.6,52,62.5,Y,Y,https://arxiv.org/abs/2401.14196
All Dataset,CodeLlama-7B,C,C++,18.0,35.9,77.4,Y,Y,https://arxiv.org/abs/2308.12950
All Dataset,CodeLlama-7B,C,Go,3.0,11.3,32.7,Y,Y,https://arxiv.org/abs/2308.12950
All Dataset,CodeLlama-7B,C,Java,59.5,59.9,71.0,Y,Y,https://arxiv.org/abs/2308.12950
All Dataset,CodeLlama-7B,C,Python,31.0,29.0,44.3,Y,Y,https://arxiv.org/abs/2308.12950
All Dataset,CodeLlama-7B,C++,C,9.0,17.8,45.7,Y,Y,https://arxiv.org/abs/2308.12950
All Dataset,CodeLlama-7B,C++,Go,13.0,12.9,32.4,Y,Y,https://arxiv.org/abs/2308.12950
All Dataset,CodeLlama-7B,C++,Java,54.5,54.3,69.2,Y,Y,https://arxiv.org/abs/2308.12950
All Dataset,CodeLlama-7B,C++,Python,28.0,27.6,50.0,Y,Y,https://arxiv.org/abs/2308.12950
All Dataset,CodeLlama-7B,Go,C,5.5,19.5,40.9,Y,Y,https://arxiv.org/abs/2308.12950
All Dataset,CodeLlama-7B,Go,C++,31.5,26.9,62.4,Y,Y,https://arxiv.org/abs/2308.12950
All Dataset,CodeLlama-7B,Go,Java,0.0,5.3,21.1,Y,Y,https://arxiv.org/abs/2308.12950
All Dataset,CodeLlama-7B,Go,Python,5.5,6.4,24.6,Y,Y,https://arxiv.org/abs/2308.12950
All Dataset,CodeLlama-7B,Java,C,5.3,14.55,31.4,Y,Y,https://arxiv.org/abs/2308.12950
All Dataset,CodeLlama-7B,Java,C++,17.75,17.8,46.1,Y,Y,https://arxiv.org/abs/2308.12950
All Dataset,CodeLlama-7B,Java,Go,15.75,14.05,31.35,Y,Y,https://arxiv.org/abs/2308.12950
All Dataset,CodeLlama-7B,Java,Python,11.6,11.9,33.8,Y,Y,https://arxiv.org/abs/2308.12950
All Dataset,CodeLlama-7B,Python,C,2.55,8.8,22.1,Y,Y,https://arxiv.org/abs/2308.12950
All Dataset,CodeLlama-7B,Python,C++,18.0,14.6,39.15,Y,Y,https://arxiv.org/abs/2308.12950
All Dataset,CodeLlama-7B,Python,Go,14.7,13.3,21.05,Y,Y,https://arxiv.org/abs/2308.12950
All Dataset,CodeLlama-7B,Python,Java,28.2,29.15,48.4,Y,Y,https://arxiv.org/abs/2308.12950
All Dataset,CodeLlama-13B,C,C++,2.5,1.8,7.7,Y,Y,https://arxiv.org/abs/2308.12950
All Dataset,CodeLlama-13B,C,Go,41.5,41.4,57.7,Y,Y,https://arxiv.org/abs/2308.12950
All Dataset,CodeLlama-13B,C,Java,60.0,60.0,72.2,Y,Y,https://arxiv.org/abs/2308.12950
All Dataset,CodeLlama-13B,C,Python,2.5,11.9,38.0,Y,Y,https://arxiv.org/abs/2308.12950
All Dataset,CodeLlama-13B,C++,C,0.0,1.7,5.8,Y,Y,https://arxiv.org/abs/2308.12950
All Dataset,CodeLlama-13B,C++,Go,23.0,21.9,47.0,Y,Y,https://arxiv.org/abs/2308.12950
All Dataset,CodeLlama-13B,C++,Java,59.0,57.7,71.8,Y,Y,https://arxiv.org/abs/2308.12950
All Dataset,CodeLlama-13B,C++,Python,11.5,12.1,38.4,Y,Y,https://arxiv.org/abs/2308.12950
All Dataset,CodeLlama-13B,Go,C,1.5,1.3,4.2,Y,Y,https://arxiv.org/abs/2308.12950
All Dataset,CodeLlama-13B,Go,C++,2.5,4.3,17.9,Y,Y,https://arxiv.org/abs/2308.12950
All Dataset,CodeLlama-13B,Go,Java,21.0,23.2,58.1,Y,Y,https://arxiv.org/abs/2308.12950
All Dataset,CodeLlama-13B,Go,Python,27.5,27.2,51.7,Y,Y,https://arxiv.org/abs/2308.12950
All Dataset,CodeLlama-13B,Java,C,0.0,0.9,2.9,Y,Y,https://arxiv.org/abs/2308.12950
All Dataset,CodeLlama-13B,Java,C++,1.25,2.25,9.7,Y,Y,https://arxiv.org/abs/2308.12950
All Dataset,CodeLlama-13B,Java,Go,7.6,10.35,28.3,Y,Y,https://arxiv.org/abs/2308.12950
All Dataset,CodeLlama-13B,Java,Python,34.15,34.1,54.15,Y,Y,https://arxiv.org/abs/2308.12950
All Dataset,CodeLlama-13B,Python,C,0.0,0.5,1.65,Y,Y,https://arxiv.org/abs/2308.12950
All Dataset,CodeLlama-13B,Python,C++,0.9,1.9,8.05,Y,Y,https://arxiv.org/abs/2308.12950
All Dataset,CodeLlama-13B,Python,Go,9.55,8.7,20.55,Y,Y,https://arxiv.org/abs/2308.12950
All Dataset,CodeLlama-13B,Python,Java,13.05,15.25,40.2,Y,Y,https://arxiv.org/abs/2308.12950
All Dataset,CodeLlama-34B,C,C++,2.5,2.3,9.3,Y,Y,https://arxiv.org/abs/2308.12950
All Dataset,CodeLlama-34B,C,Go,49.0,47.0,61.8,Y,Y,https://arxiv.org/abs/2308.12950
All Dataset,CodeLlama-34B,C,Java,60.0,58.5,72.3,Y,Y,https://arxiv.org/abs/2308.12950
All Dataset,CodeLlama-34B,C,Python,28.5,28.8,45.8,Y,Y,https://arxiv.org/abs/2308.12950
All Dataset,CodeLlama-34B,C++,C,2.0,2.6,8.5,Y,Y,https://arxiv.org/abs/2308.12950
All Dataset,CodeLlama-34B,C++,Go,26.0,28.4,57.9,Y,Y,https://arxiv.org/abs/2308.12950
All Dataset,CodeLlama-34B,C++,Java,60.5,61.5,75.8,Y,Y,https://arxiv.org/abs/2308.12950
All Dataset,CodeLlama-34B,C++,Python,33.0,32.0,53.1,Y,Y,https://arxiv.org/abs/2308.12950
All Dataset,CodeLlama-34B,Go,C,0.5,1.0,3.5,Y,Y,https://arxiv.org/abs/2308.12950
All Dataset,CodeLlama-34B,Go,C++,3.0,4.3,18.9,Y,Y,https://arxiv.org/abs/2308.12950
All Dataset,CodeLlama-34B,Go,Java,38.5,38.2,67.3,Y,Y,https://arxiv.org/abs/2308.12950
All Dataset,CodeLlama-34B,Go,Python,18.0,19.5,45.3,Y,Y,https://arxiv.org/abs/2308.12950
All Dataset,CodeLlama-34B,Java,C,0.0,0.9,2.85,Y,Y,https://arxiv.org/abs/2308.12950
All Dataset,CodeLlama-34B,Java,C++,1.75,1.95,8.8,Y,Y,https://arxiv.org/abs/2308.12950
All Dataset,CodeLlama-34B,Java,Go,9.75,12.45,34.25,Y,Y,https://arxiv.org/abs/2308.12950
All Dataset,CodeLlama-34B,Java,Python,20.6,20.1,36.3,Y,Y,https://arxiv.org/abs/2308.12950
All Dataset,CodeLlama-34B,Python,C,0.5,0.9,3.1,Y,Y,https://arxiv.org/abs/2308.12950
All Dataset,CodeLlama-34B,Python,C++,1.0,2.85,12.4,Y,Y,https://arxiv.org/abs/2308.12950
All Dataset,CodeLlama-34B,Python,Go,14.1,15.9,31.3,Y,Y,https://arxiv.org/abs/2308.12950
All Dataset,CodeLlama-34B,Python,Java,9.95,17.8,44.1,Y,Y,https://arxiv.org/abs/2308.12950
All Dataset,Magicoder-S-CL-7B,C,C++,2.5,2.3,10.2,Y,Y,https://arxiv.org/abs/2312.02120
All Dataset,Magicoder-S-CL-7B,C,Go,5.0,4.1,9.0,Y,Y,https://arxiv.org/abs/2312.02120
All Dataset,Magicoder-S-CL-7B,C,Java,33.5,35.3,60.6,Y,Y,https://arxiv.org/abs/2312.02120
All Dataset,Magicoder-S-CL-7B,C,Python,18.5,17.5,34.8,Y,Y,https://arxiv.org/abs/2312.02120
All Dataset,Magicoder-S-CL-7B,C++,C,1.0,2.6,9.2,Y,Y,https://arxiv.org/abs/2312.02120
All Dataset,Magicoder-S-CL-7B,C++,Go,5.0,4.8,11.6,Y,Y,https://arxiv.org/abs/2312.02120
All Dataset,Magicoder-S-CL-7B,C++,Java,54.0,52.8,70.8,Y,Y,https://arxiv.org/abs/2312.02120
All Dataset,Magicoder-S-CL-7B,C++,Python,35.5,31.5,50.3,Y,Y,https://arxiv.org/abs/2312.02120
All Dataset,Magicoder-S-CL-7B,Go,C,0.0,1.7,5.5,Y,Y,https://arxiv.org/abs/2312.02120
All Dataset,Magicoder-S-CL-7B,Go,C++,10.5,9.7,33.3,Y,Y,https://arxiv.org/abs/2312.02120
All Dataset,Magicoder-S-CL-7B,Go,Java,16.0,22.1,56.0,Y,Y,https://arxiv.org/abs/2312.02120
All Dataset,Magicoder-S-CL-7B,Go,Python,30.0,25.7,46.5,Y,Y,https://arxiv.org/abs/2312.02120
All Dataset,Magicoder-S-CL-7B,Java,C,0.0,1.35,4.95,Y,Y,https://arxiv.org/abs/2312.02120
All Dataset,Magicoder-S-CL-7B,Java,C++,3.15,4.9,20.35,Y,Y,https://arxiv.org/abs/2312.02120
All Dataset,Magicoder-S-CL-7B,Java,Go,3.5,3.3,11.3,Y,Y,https://arxiv.org/abs/2312.02120
All Dataset,Magicoder-S-CL-7B,Java,Python,28.35,27.35,48.3,Y,Y,https://arxiv.org/abs/2312.02120
All Dataset,Magicoder-S-CL-7B,Python,C,0.0,0.55,1.85,Y,Y,https://arxiv.org/abs/2312.02120
All Dataset,Magicoder-S-CL-7B,Python,C++,5.25,4.7,19.4,Y,Y,https://arxiv.org/abs/2312.02120
All Dataset,Magicoder-S-CL-7B,Python,Go,8.4,8.4,17.65,Y,Y,https://arxiv.org/abs/2312.02120
All Dataset,Magicoder-S-CL-7B,Python,Java,48.8,46.65,57.95,Y,Y,https://arxiv.org/abs/2312.02120
All Dataset,Magicoder-S-DS-6.7B,C,C++,6.5,6.4,25.5,Y,Y,https://arxiv.org/abs/2312.02120
All Dataset,Magicoder-S-DS-6.7B,C,Go,49.5,47.3,72.8,Y,Y,https://arxiv.org/abs/2312.02120
All Dataset,Magicoder-S-DS-6.7B,C,Java,69.0,66.7,80.0,Y,Y,https://arxiv.org/abs/2312.02120
All Dataset,Magicoder-S-DS-6.7B,C,Python,0.5,7.1,27.7,Y,Y,https://arxiv.org/abs/2312.02120
All Dataset,Magicoder-S-DS-6.7B,C++,C,1.5,1.9,6.7,Y,Y,https://arxiv.org/abs/2312.02120
All Dataset,Magicoder-S-DS-6.7B,C++,Go,50.0,50.7,77.9,Y,Y,https://arxiv.org/abs/2312.02120
All Dataset,Magicoder-S-DS-6.7B,C++,Java,74.0,68.7,83.7,Y,Y,https://arxiv.org/abs/2312.02120
All Dataset,Magicoder-S-DS-6.7B,C++,Python,3.0,8.0,30.2,Y,Y,https://arxiv.org/abs/2312.02120
All Dataset,Magicoder-S-DS-6.7B,Go,C,2.0,1.7,6.3,Y,Y,https://arxiv.org/abs/2312.02120
All Dataset,Magicoder-S-DS-6.7B,Go,C++,13.5,13.8,50.6,Y,Y,https://arxiv.org/abs/2312.02120
All Dataset,Magicoder-S-DS-6.7B,Go,Java,32.0,40.2,77.4,Y,Y,https://arxiv.org/abs/2312.02120
All Dataset,Magicoder-S-DS-6.7B,Go,Python,44.0,37.3,62.1,Y,Y,https://arxiv.org/abs/2312.02120
All Dataset,Magicoder-S-DS-6.7B,Java,C,0.95,1.05,4.45,Y,Y,https://arxiv.org/abs/2312.02120
All Dataset,Magicoder-S-DS-6.7B,Java,C++,7.6,7.25,26.9,Y,Y,https://arxiv.org/abs/2312.02120
All Dataset,Magicoder-S-DS-6.7B,Java,Go,39.1,36.45,57.25,Y,Y,https://arxiv.org/abs/2312.02120
All Dataset,Magicoder-S-DS-6.7B,Java,Python,1.6,8.25,31.95,Y,Y,https://arxiv.org/abs/2312.02120
All Dataset,Magicoder-S-DS-6.7B,Python,C,1.0,1.1,4.35,Y,Y,https://arxiv.org/abs/2312.02120
All Dataset,Magicoder-S-DS-6.7B,Python,C++,4.65,8.45,30.4,Y,Y,https://arxiv.org/abs/2312.02120
All Dataset,Magicoder-S-DS-6.7B,Python,Go,24.85,25.95,53.0,Y,Y,https://arxiv.org/abs/2312.02120
All Dataset,Magicoder-S-DS-6.7B,Python,Java,65.5,66.0,76.15,Y,Y,https://arxiv.org/abs/2312.02120
All Dataset,OctoCoder-15.5B,C,C++,1.5,2.9,12.7,Y,Y,https://arxiv.org/abs/2308.07124
All Dataset,OctoCoder-15.5B,C,Go,39.0,33.5,59.0,Y,Y,https://arxiv.org/abs/2308.07124
All Dataset,OctoCoder-15.5B,C,Java,1.0,15.6,49.4,Y,Y,https://arxiv.org/abs/2308.07124
All Dataset,OctoCoder-15.5B,C,Python,1.0,4.4,18.6,Y,Y,https://arxiv.org/abs/2308.07124
All Dataset,OctoCoder-15.5B,C++,C,0.0,2.1,7.8,Y,Y,https://arxiv.org/abs/2308.07124
All Dataset,OctoCoder-15.5B,C++,Go,29.0,28.1,53.6,Y,Y,https://arxiv.org/abs/2308.07124
All Dataset,OctoCoder-15.5B,C++,Java,4.0,14.0,45.8,Y,Y,https://arxiv.org/abs/2308.07124
All Dataset,OctoCoder-15.5B,C++,Python,0.5,0.6,2.6,Y,Y,https://arxiv.org/abs/2308.07124
All Dataset,OctoCoder-15.5B,Go,C,0.5,2.8,10.1,Y,Y,https://arxiv.org/abs/2308.07124
All Dataset,OctoCoder-15.5B,Go,C++,6.5,8.6,32.8,Y,Y,https://arxiv.org/abs/2308.07124
All Dataset,OctoCoder-15.5B,Go,Java,0.0,4.3,18.5,Y,Y,https://arxiv.org/abs/2308.07124
All Dataset,OctoCoder-15.5B,Go,Python,37.5,38.8,59.9,Y,Y,https://arxiv.org/abs/2308.07124
All Dataset,OctoCoder-15.5B,Java,C,0.25,1.15,3.9,Y,Y,https://arxiv.org/abs/2308.07124
All Dataset,OctoCoder-15.5B,Java,C++,3.2,4.45,18.9,Y,Y,https://arxiv.org/abs/2308.07124
All Dataset,OctoCoder-15.5B,Java,Go,18.8,18.2,34.0,Y,Y,https://arxiv.org/abs/2308.07124
All Dataset,OctoCoder-15.5B,Java,Python,22.9,25.0,44.9,Y,Y,https://arxiv.org/abs/2308.07124
All Dataset,OctoCoder-15.5B,Python,C,0.0,0.55,2.55,Y,Y,https://arxiv.org/abs/2308.07124
All Dataset,OctoCoder-15.5B,Python,C++,2.65,3.8,15.95,Y,Y,https://arxiv.org/abs/2308.07124
All Dataset,OctoCoder-15.5B,Python,Go,16.75,14.2,25.5,Y,Y,https://arxiv.org/abs/2308.07124
All Dataset,OctoCoder-15.5B,Python,Java,32.2,31.45,45.25,Y,Y,https://arxiv.org/abs/2308.07124
All Dataset,WizardCoder-15B,C,C++,1.5,2.5,10.8,Y,Y,https://arxiv.org/abs/2306.08568
All Dataset,WizardCoder-15B,C,Go,26.0,23.1,56.5,Y,Y,https://arxiv.org/abs/2306.08568
All Dataset,WizardCoder-15B,C,Java,40.5,45.2,67.5,Y,Y,https://arxiv.org/abs/2306.08568
All Dataset,WizardCoder-15B,C,Python,30.0,27.4,49.8,Y,Y,https://arxiv.org/abs/2306.08568
All Dataset,WizardCoder-15B,C++,C,1.0,4.6,14.2,Y,Y,https://arxiv.org/abs/2306.08568
All Dataset,WizardCoder-15B,C++,Go,19.0,20.4,52.7,Y,Y,https://arxiv.org/abs/2306.08568
All Dataset,WizardCoder-15B,C++,Java,54.0,54.7,74.5,Y,Y,https://arxiv.org/abs/2306.08568
All Dataset,WizardCoder-15B,C++,Python,30.5,32.0,56.2,Y,Y,https://arxiv.org/abs/2306.08568
All Dataset,WizardCoder-15B,Go,C,0.5,1.1,3.9,Y,Y,https://arxiv.org/abs/2306.08568
All Dataset,WizardCoder-15B,Go,C++,5.0,4.9,21.5,Y,Y,https://arxiv.org/abs/2306.08568
All Dataset,WizardCoder-15B,Go,Java,53.0,54.1,70.4,Y,Y,https://arxiv.org/abs/2306.08568
All Dataset,WizardCoder-15B,Go,Python,34.0,38.3,60.1,Y,Y,https://arxiv.org/abs/2306.08568
All Dataset,WizardCoder-15B,Java,C,0.45,1.1,3.75,Y,Y,https://arxiv.org/abs/2306.08568
All Dataset,WizardCoder-15B,Java,C++,0.75,2.45,10.65,Y,Y,https://arxiv.org/abs/2306.08568
All Dataset,WizardCoder-15B,Java,Go,7.3,7.7,25.95,Y,Y,https://arxiv.org/abs/2306.08568
All Dataset,WizardCoder-15B,Java,Python,0.25,0.35,1.25,Y,Y,https://arxiv.org/abs/2306.08568
All Dataset,WizardCoder-15B,Python,C,0.2,0.95,3.35,Y,Y,https://arxiv.org/abs/2306.08568
All Dataset,WizardCoder-15B,Python,C++,1.5,3.25,14.1,Y,Y,https://arxiv.org/abs/2306.08568
All Dataset,WizardCoder-15B,Python,Go,2.95,8.7,26.95,Y,Y,https://arxiv.org/abs/2306.08568
All Dataset,WizardCoder-15B,Python,Java,31.05,30.3,56.85,Y,Y,https://arxiv.org/abs/2306.08568
All Dataset,WizardCoder-33B,C,C++,3.5,9.9,37.2,Y,Y,https://arxiv.org/abs/2306.08568
All Dataset,WizardCoder-33B,C,Go,73.5,73.6,88.4,Y,Y,https://arxiv.org/abs/2306.08568
All Dataset,WizardCoder-33B,C,Java,78.5,78.9,84.3,Y,Y,https://arxiv.org/abs/2306.08568
All Dataset,WizardCoder-33B,C,Python,63.0,61.4,75.7,Y,Y,https://arxiv.org/abs/2306.08568
All Dataset,WizardCoder-33B,C++,C,1.5,1.8,7.1,Y,Y,https://arxiv.org/abs/2306.08568
All Dataset,WizardCoder-33B,C++,Go,72.0,70.8,84.1,Y,Y,https://arxiv.org/abs/2306.08568
All Dataset,WizardCoder-33B,C++,Java,82.5,81.7,88.6,Y,Y,https://arxiv.org/abs/2306.08568
All Dataset,WizardCoder-33B,C++,Python,59.5,60.8,76.3,Y,Y,https://arxiv.org/abs/2306.08568
All Dataset,WizardCoder-33B,Go,C,2.5,2.9,9.9,Y,Y,https://arxiv.org/abs/2306.08568
All Dataset,WizardCoder-33B,Go,C++,19.0,13.2,46.4,Y,Y,https://arxiv.org/abs/2306.08568
All Dataset,WizardCoder-33B,Go,Java,76.0,75.9,84.6,Y,Y,https://arxiv.org/abs/2306.08568
All Dataset,WizardCoder-33B,Go,Python,59.5,58.3,77.3,Y,Y,https://arxiv.org/abs/2306.08568
All Dataset,WizardCoder-33B,Java,C,6.0,5.8,16.3,Y,Y,https://arxiv.org/abs/2306.08568
All Dataset,WizardCoder-33B,Java,C++,10.4,13.3,45.0,Y,Y,https://arxiv.org/abs/2306.08568
All Dataset,WizardCoder-33B,Java,Go,57.45,55.2,78.75,Y,Y,https://arxiv.org/abs/2306.08568
All Dataset,WizardCoder-33B,Java,Python,54.05,56.0,71.15,Y,Y,https://arxiv.org/abs/2306.08568
All Dataset,WizardCoder-33B,Python,C,2.05,4.25,13.8,Y,Y,https://arxiv.org/abs/2306.08568
All Dataset,WizardCoder-33B,Python,C++,9.45,10.65,36.8,Y,Y,https://arxiv.org/abs/2306.08568
All Dataset,WizardCoder-33B,Python,Go,23.3,23.55,48.75,Y,Y,https://arxiv.org/abs/2306.08568
All Dataset,WizardCoder-33B,Python,Java,36.95,37.85,73.15,Y,Y,https://arxiv.org/abs/2306.08568
All Dataset,GPT-4-0613,C,C++,40.0,-,-,Y,Y,https://arxiv.org/abs/2303.08774
All Dataset,GPT-4-0613,C,Go,72.5,-,-,Y,Y,https://arxiv.org/abs/2303.08774
All Dataset,GPT-4-0613,C,Java,81.5,-,-,Y,Y,https://arxiv.org/abs/2303.08774
All Dataset,GPT-4-0613,C,Python,78.0,-,-,Y,Y,https://arxiv.org/abs/2303.08774
All Dataset,GPT-4-0613,C++,C,27.5,-,-,Y,Y,https://arxiv.org/abs/2303.08774
All Dataset,GPT-4-0613,C++,Go,71.5,-,-,Y,Y,https://arxiv.org/abs/2303.08774
All Dataset,GPT-4-0613,C++,Java,82.5,-,-,Y,Y,https://arxiv.org/abs/2303.08774
All Dataset,GPT-4-0613,C++,Python,73.0,-,-,Y,Y,https://arxiv.org/abs/2303.08774
All Dataset,GPT-4-0613,Go,C,16.0,-,-,Y,Y,https://arxiv.org/abs/2303.08774
All Dataset,GPT-4-0613,Go,C++,45.5,-,-,Y,Y,https://arxiv.org/abs/2303.08774
All Dataset,GPT-4-0613,Go,Java,69.0,-,-,Y,Y,https://arxiv.org/abs/2303.08774
All Dataset,GPT-4-0613,Go,Python,81.5,-,-,Y,Y,https://arxiv.org/abs/2303.08774
All Dataset,GPT-4-0613,Java,C,13.5,-,-,Y,Y,https://arxiv.org/abs/2303.08774
All Dataset,GPT-4-0613,Java,C++,31.6,-,-,Y,Y,https://arxiv.org/abs/2303.08774
All Dataset,GPT-4-0613,Java,Go,64.0,-,-,Y,Y,https://arxiv.org/abs/2303.08774
All Dataset,GPT-4-0613,Java,Python,76.65,-,-,Y,Y,https://arxiv.org/abs/2303.08774
All Dataset,GPT-4-0613,Python,C,7.5,-,-,Y,Y,https://arxiv.org/abs/2303.08774
All Dataset,GPT-4-0613,Python,C++,31.65,-,-,Y,Y,https://arxiv.org/abs/2303.08774
All Dataset,GPT-4-0613,Python,Go,51.6,-,-,Y,Y,https://arxiv.org/abs/2303.08774
All Dataset,GPT-4-0613,Python,Java,69.95,-,-,Y,Y,https://arxiv.org/abs/2303.08774
All Dataset,Mixtral-8x7b-INS-13B,C,C++,28.5,38.0,78.7,Y,Y,https://arxiv.org/abs/2401.04088
All Dataset,Mixtral-8x7b-INS-13B,C,Go,32.5,32.0,56.5,Y,Y,https://arxiv.org/abs/2401.04088
All Dataset,Mixtral-8x7b-INS-13B,C,Java,40.0,42.0,62.3,Y,Y,https://arxiv.org/abs/2401.04088
All Dataset,Mixtral-8x7b-INS-13B,C,Python,23.5,27.1,49.9,Y,Y,https://arxiv.org/abs/2401.04088
All Dataset,Mixtral-8x7b-INS-13B,C++,C,14.5,26.0,63.1,Y,Y,https://arxiv.org/abs/2401.04088
All Dataset,Mixtral-8x7b-INS-13B,C++,Go,22.5,22.3,44.5,Y,Y,https://arxiv.org/abs/2401.04088
All Dataset,Mixtral-8x7b-INS-13B,C++,Java,46.0,46.3,65.3,Y,Y,https://arxiv.org/abs/2401.04088
All Dataset,Mixtral-8x7b-INS-13B,C++,Python,38.0,35.2,60.1,Y,Y,https://arxiv.org/abs/2401.04088
All Dataset,Mixtral-8x7b-INS-13B,Go,C,14.5,26.4,56.2,Y,Y,https://arxiv.org/abs/2401.04088
All Dataset,Mixtral-8x7b-INS-13B,Go,C++,32.5,25.4,57.7,Y,Y,https://arxiv.org/abs/2401.04088
All Dataset,Mixtral-8x7b-INS-13B,Go,Java,42.0,39.8,63.4,Y,Y,https://arxiv.org/abs/2401.04088
All Dataset,Mixtral-8x7b-INS-13B,Go,Python,15.5,16.4,36.8,Y,Y,https://arxiv.org/abs/2401.04088
All Dataset,Mixtral-8x7b-INS-13B,Java,C,8.9,20.55,45.05,Y,Y,https://arxiv.org/abs/2401.04088
All Dataset,Mixtral-8x7b-INS-13B,Java,C++,28.95,25.0,58.7,Y,Y,https://arxiv.org/abs/2401.04088
All Dataset,Mixtral-8x7b-INS-13B,Java,Go,8.65,9.8,24.85,Y,Y,https://arxiv.org/abs/2401.04088
All Dataset,Mixtral-8x7b-INS-13B,Java,Python,36.55,36.25,61.2,Y,Y,https://arxiv.org/abs/2401.04088
All Dataset,Mixtral-8x7b-INS-13B,Python,C,6.2,7.6,22.75,Y,Y,https://arxiv.org/abs/2401.04088
All Dataset,Mixtral-8x7b-INS-13B,Python,C++,9.0,8.55,25.2,Y,Y,https://arxiv.org/abs/2401.04088
All Dataset,Mixtral-8x7b-INS-13B,Python,Go,4.5,5.2,15.3,Y,Y,https://arxiv.org/abs/2401.04088
All Dataset,Mixtral-8x7b-INS-13B,Python,Java,45.6,43.0,58.85,Y,Y,https://arxiv.org/abs/2401.04088
All Dataset,Phi-2-2.7B,C,C++,19.5,28.1,62.9,Y,Y,https://www.microsoft.com/en-us/research/blog/phi-2-the-surprising-power-of-smAll Dataset-language-models/
All Dataset,Phi-2-2.7B,C,Go,1.0,1.9,8.5,Y,Y,https://www.microsoft.com/en-us/research/blog/phi-2-the-surprising-power-of-smAll Dataset-language-models/
All Dataset,Phi-2-2.7B,C,Java,18.5,15.0,32.4,Y,Y,https://www.microsoft.com/en-us/research/blog/phi-2-the-surprising-power-of-smAll Dataset-language-models/
All Dataset,Phi-2-2.7B,C,Python,31.0,31.6,42.9,Y,Y,https://www.microsoft.com/en-us/research/blog/phi-2-the-surprising-power-of-smAll Dataset-language-models/
All Dataset,Phi-2-2.7B,C++,C,3.0,6.5,16.8,Y,Y,https://www.microsoft.com/en-us/research/blog/phi-2-the-surprising-power-of-smAll Dataset-language-models/
All Dataset,Phi-2-2.7B,C++,Go,3.5,3.5,8.4,Y,Y,https://www.microsoft.com/en-us/research/blog/phi-2-the-surprising-power-of-smAll Dataset-language-models/
All Dataset,Phi-2-2.7B,C++,Java,34.0,27.4,45.6,Y,Y,https://www.microsoft.com/en-us/research/blog/phi-2-the-surprising-power-of-smAll Dataset-language-models/
All Dataset,Phi-2-2.7B,C++,Python,30.5,27.9,39.0,Y,Y,https://www.microsoft.com/en-us/research/blog/phi-2-the-surprising-power-of-smAll Dataset-language-models/
All Dataset,Phi-2-2.7B,Go,C,5.0,8.3,24.3,Y,Y,https://www.microsoft.com/en-us/research/blog/phi-2-the-surprising-power-of-smAll Dataset-language-models/
All Dataset,Phi-2-2.7B,Go,C++,16.5,17.6,42.5,Y,Y,https://www.microsoft.com/en-us/research/blog/phi-2-the-surprising-power-of-smAll Dataset-language-models/
All Dataset,Phi-2-2.7B,Go,Java,1.0,3.8,17.0,Y,Y,https://www.microsoft.com/en-us/research/blog/phi-2-the-surprising-power-of-smAll Dataset-language-models/
All Dataset,Phi-2-2.7B,Go,Python,27.5,27.4,37.6,Y,Y,https://www.microsoft.com/en-us/research/blog/phi-2-the-surprising-power-of-smAll Dataset-language-models/
All Dataset,Phi-2-2.7B,Java,C,6.6,10.35,20.7,Y,Y,https://www.microsoft.com/en-us/research/blog/phi-2-the-surprising-power-of-smAll Dataset-language-models/
All Dataset,Phi-2-2.7B,Java,C++,16.95,14.45,35.7,Y,Y,https://www.microsoft.com/en-us/research/blog/phi-2-the-surprising-power-of-smAll Dataset-language-models/
All Dataset,Phi-2-2.7B,Java,Go,0.25,0.1,0.75,Y,Y,https://www.microsoft.com/en-us/research/blog/phi-2-the-surprising-power-of-smAll Dataset-language-models/
All Dataset,Phi-2-2.7B,Java,Python,21.0,21.0,34.8,Y,Y,https://www.microsoft.com/en-us/research/blog/phi-2-the-surprising-power-of-smAll Dataset-language-models/
All Dataset,Phi-2-2.7B,Python,C,4.3,5.55,16.2,Y,Y,https://www.microsoft.com/en-us/research/blog/phi-2-the-surprising-power-of-smAll Dataset-language-models/
All Dataset,Phi-2-2.7B,Python,C++,17.8,15.5,34.2,Y,Y,https://www.microsoft.com/en-us/research/blog/phi-2-the-surprising-power-of-smAll Dataset-language-models/
All Dataset,Phi-2-2.7B,Python,Go,0.0,0.2,1.15,Y,Y,https://www.microsoft.com/en-us/research/blog/phi-2-the-surprising-power-of-smAll Dataset-language-models/
All Dataset,Phi-2-2.7B,Python,Java,27.15,25.55,37.35,Y,Y,https://www.microsoft.com/en-us/research/blog/phi-2-the-surprising-power-of-smAll Dataset-language-models/
All Dataset,DeepSeekCoder-1.3B-INS,C,C++,22.5,44.7,81.2,Y,Y,https://arxiv.org/abs/2401.14196
All Dataset,DeepSeekCoder-1.3B-INS,C,Go,43.5,44.1,61.7,Y,Y,https://arxiv.org/abs/2401.14196
All Dataset,DeepSeekCoder-1.3B-INS,C,Java,55.5,58.9,73.6,Y,Y,https://arxiv.org/abs/2401.14196
All Dataset,DeepSeekCoder-1.3B-INS,C,Python,30.5,31.1,55.1,Y,Y,https://arxiv.org/abs/2401.14196
All Dataset,DeepSeekCoder-1.3B-INS,C++,C,13.5,25.8,57.8,Y,Y,https://arxiv.org/abs/2401.14196
All Dataset,DeepSeekCoder-1.3B-INS,C++,Go,32.5,32.5,56.4,Y,Y,https://arxiv.org/abs/2401.14196
All Dataset,DeepSeekCoder-1.3B-INS,C++,Java,66.0,67.2,76.9,Y,Y,https://arxiv.org/abs/2401.14196
All Dataset,DeepSeekCoder-1.3B-INS,C++,Python,52.0,52.7,61.4,Y,Y,https://arxiv.org/abs/2401.14196
All Dataset,DeepSeekCoder-1.3B-INS,Go,C,8.5,22.1,51.9,Y,Y,https://arxiv.org/abs/2401.14196
All Dataset,DeepSeekCoder-1.3B-INS,Go,C++,39.0,36.3,72.1,Y,Y,https://arxiv.org/abs/2401.14196
All Dataset,DeepSeekCoder-1.3B-INS,Go,Java,66.0,62.0,71.7,Y,Y,https://arxiv.org/abs/2401.14196
All Dataset,DeepSeekCoder-1.3B-INS,Go,Python,45.0,39.4,63.0,Y,Y,https://arxiv.org/abs/2401.14196
All Dataset,DeepSeekCoder-1.3B-INS,Java,C,6.45,8.05,26.55,Y,Y,https://arxiv.org/abs/2401.14196
All Dataset,DeepSeekCoder-1.3B-INS,Java,C++,27.25,24.1,56.65,Y,Y,https://arxiv.org/abs/2401.14196
All Dataset,DeepSeekCoder-1.3B-INS,Java,Go,28.7,26.9,47.05,Y,Y,https://arxiv.org/abs/2401.14196
All Dataset,DeepSeekCoder-1.3B-INS,Java,Python,38.8,37.75,56.0,Y,Y,https://arxiv.org/abs/2401.14196
All Dataset,DeepSeekCoder-1.3B-INS,Python,C,5.95,13.65,31.9,Y,Y,https://arxiv.org/abs/2401.14196
All Dataset,DeepSeekCoder-1.3B-INS,Python,C++,16.9,21.3,46.6,Y,Y,https://arxiv.org/abs/2401.14196
All Dataset,DeepSeekCoder-1.3B-INS,Python,Go,11.5,11.05,26.15,Y,Y,https://arxiv.org/abs/2401.14196
All Dataset,DeepSeekCoder-1.3B-INS,Python,Java,50.35,49.7,63.8,Y,Y,https://arxiv.org/abs/2401.14196
All Dataset,Gemini-1.0-Pro,C,C++,27.0,-,-,Y,Y,https://deepmind.google/technologies/gemini/
All Dataset,Gemini-1.0-Pro,C,Go,9.0,-,-,Y,Y,https://deepmind.google/technologies/gemini/
All Dataset,Gemini-1.0-Pro,C,Java,71.0,-,-,Y,Y,https://deepmind.google/technologies/gemini/
All Dataset,Gemini-1.0-Pro,C,Python,53.0,-,-,Y,Y,https://deepmind.google/technologies/gemini/
All Dataset,Gemini-1.0-Pro,C++,C,11.0,-,-,Y,Y,https://deepmind.google/technologies/gemini/
All Dataset,Gemini-1.0-Pro,C++,Go,44.0,-,-,Y,Y,https://deepmind.google/technologies/gemini/
All Dataset,Gemini-1.0-Pro,C++,Java,74.0,-,-,Y,Y,https://deepmind.google/technologies/gemini/
All Dataset,Gemini-1.0-Pro,C++,Python,57.0,-,-,Y,Y,https://deepmind.google/technologies/gemini/
All Dataset,Gemini-1.0-Pro,Go,C,22.5,-,-,Y,Y,https://deepmind.google/technologies/gemini/
All Dataset,Gemini-1.0-Pro,Go,C++,25.5,-,-,Y,Y,https://deepmind.google/technologies/gemini/
All Dataset,Gemini-1.0-Pro,Go,Java,62.5,-,-,Y,Y,https://deepmind.google/technologies/gemini/
All Dataset,Gemini-1.0-Pro,Go,Python,61.0,-,-,Y,Y,https://deepmind.google/technologies/gemini/
All Dataset,Gemini-1.0-Pro,Java,C,5.25,-,-,Y,Y,https://deepmind.google/technologies/gemini/
All Dataset,Gemini-1.0-Pro,Java,C++,17.4,-,-,Y,Y,https://deepmind.google/technologies/gemini/
All Dataset,Gemini-1.0-Pro,Java,Go,4.5,-,-,Y,Y,https://deepmind.google/technologies/gemini/
All Dataset,Gemini-1.0-Pro,Java,Python,50.45,-,-,Y,Y,https://deepmind.google/technologies/gemini/
All Dataset,Gemini-1.0-Pro,Python,C,2.65,-,-,Y,Y,https://deepmind.google/technologies/gemini/
All Dataset,Gemini-1.0-Pro,Python,C++,4.0,-,-,Y,Y,https://deepmind.google/technologies/gemini/
All Dataset,Gemini-1.0-Pro,Python,Go,13.25,-,-,Y,Y,https://deepmind.google/technologies/gemini/
All Dataset,Gemini-1.0-Pro,Python,Java,54.3,-,-,Y,Y,https://deepmind.google/technologies/gemini/
All Dataset,GPT-4-0125-Preview,C,C++,29.0,-,-,Y,Y,https://arxiv.org/abs/2303.08774
All Dataset,GPT-4-0125-Preview,C,Go,75.5,-,-,Y,Y,https://arxiv.org/abs/2303.08774
All Dataset,GPT-4-0125-Preview,C,Java,82.0,-,-,Y,Y,https://arxiv.org/abs/2303.08774
All Dataset,GPT-4-0125-Preview,C,Python,69.5,-,-,Y,Y,https://arxiv.org/abs/2303.08774
All Dataset,GPT-4-0125-Preview,C++,C,8.5,-,-,Y,Y,https://arxiv.org/abs/2303.08774
All Dataset,GPT-4-0125-Preview,C++,Go,75.0,-,-,Y,Y,https://arxiv.org/abs/2303.08774
All Dataset,GPT-4-0125-Preview,C++,Java,87.5,-,-,Y,Y,https://arxiv.org/abs/2303.08774
All Dataset,GPT-4-0125-Preview,C++,Python,62.0,-,-,Y,Y,https://arxiv.org/abs/2303.08774
All Dataset,GPT-4-0125-Preview,Go,C,15.0,-,-,Y,Y,https://arxiv.org/abs/2303.08774
All Dataset,GPT-4-0125-Preview,Go,C++,31.0,-,-,Y,Y,https://arxiv.org/abs/2303.08774
All Dataset,GPT-4-0125-Preview,Go,Java,69.5,-,-,Y,Y,https://arxiv.org/abs/2303.08774
All Dataset,GPT-4-0125-Preview,Go,Python,62.0,-,-,Y,Y,https://arxiv.org/abs/2303.08774
All Dataset,GPT-4-0125-Preview,Java,C,4.9,-,-,Y,Y,https://arxiv.org/abs/2303.08774
All Dataset,GPT-4-0125-Preview,Java,C++,20.4,-,-,Y,Y,https://arxiv.org/abs/2303.08774
All Dataset,GPT-4-0125-Preview,Java,Go,63.75,-,-,Y,Y,https://arxiv.org/abs/2303.08774
All Dataset,GPT-4-0125-Preview,Java,Python,63.85,-,-,Y,Y,https://arxiv.org/abs/2303.08774
All Dataset,GPT-4-0125-Preview,Python,C,8.75,-,-,Y,Y,https://arxiv.org/abs/2303.08774
All Dataset,GPT-4-0125-Preview,Python,C++,15.0,-,-,Y,Y,https://arxiv.org/abs/2303.08774
All Dataset,GPT-4-0125-Preview,Python,Go,57.45,-,-,Y,Y,https://arxiv.org/abs/2303.08774
All Dataset,GPT-4-0125-Preview,Python,Java,77.6,-,-,Y,Y,https://arxiv.org/abs/2303.08774
All Dataset,GPT-3.5-Turbo,C,C++,40.0,-,-,Y,Y,https://openai.com/blog/new-models-and-developer-products-announced-at-devday
All Dataset,GPT-3.5-Turbo,C,Go,74.5,-,-,Y,Y,https://openai.com/blog/new-models-and-developer-products-announced-at-devday
All Dataset,GPT-3.5-Turbo,C,Java,77.5,-,-,Y,Y,https://openai.com/blog/new-models-and-developer-products-announced-at-devday
All Dataset,GPT-3.5-Turbo,C,Python,65.5,-,-,Y,Y,https://openai.com/blog/new-models-and-developer-products-announced-at-devday
All Dataset,GPT-3.5-Turbo,C++,C,9.0,-,-,Y,Y,https://openai.com/blog/new-models-and-developer-products-announced-at-devday
All Dataset,GPT-3.5-Turbo,C++,Go,80.5,-,-,Y,Y,https://openai.com/blog/new-models-and-developer-products-announced-at-devday
All Dataset,GPT-3.5-Turbo,C++,Java,79.0,-,-,Y,Y,https://openai.com/blog/new-models-and-developer-products-announced-at-devday
All Dataset,GPT-3.5-Turbo,C++,Python,63.5,-,-,Y,Y,https://openai.com/blog/new-models-and-developer-products-announced-at-devday
All Dataset,GPT-3.5-Turbo,Go,C,9.5,-,-,Y,Y,https://openai.com/blog/new-models-and-developer-products-announced-at-devday
All Dataset,GPT-3.5-Turbo,Go,C++,30.0,-,-,Y,Y,https://openai.com/blog/new-models-and-developer-products-announced-at-devday
All Dataset,GPT-3.5-Turbo,Go,Java,58.0,-,-,Y,Y,https://openai.com/blog/new-models-and-developer-products-announced-at-devday
All Dataset,GPT-3.5-Turbo,Go,Python,58.0,-,-,Y,Y,https://openai.com/blog/new-models-and-developer-products-announced-at-devday
All Dataset,GPT-3.5-Turbo,Java,C,10.8,-,-,Y,Y,https://openai.com/blog/new-models-and-developer-products-announced-at-devday
All Dataset,GPT-3.5-Turbo,Java,C++,21.7,-,-,Y,Y,https://openai.com/blog/new-models-and-developer-products-announced-at-devday
All Dataset,GPT-3.5-Turbo,Java,Go,65.5,-,-,Y,Y,https://openai.com/blog/new-models-and-developer-products-announced-at-devday
All Dataset,GPT-3.5-Turbo,Java,Python,60.4,-,-,Y,Y,https://openai.com/blog/new-models-and-developer-products-announced-at-devday
All Dataset,GPT-3.5-Turbo,Python,C,6.65,-,-,Y,Y,https://openai.com/blog/new-models-and-developer-products-announced-at-devday
All Dataset,GPT-3.5-Turbo,Python,C++,22.3,-,-,Y,Y,https://openai.com/blog/new-models-and-developer-products-announced-at-devday
All Dataset,GPT-3.5-Turbo,Python,Go,53.65,-,-,Y,Y,https://openai.com/blog/new-models-and-developer-products-announced-at-devday
All Dataset,GPT-3.5-Turbo,Python,Java,64.85,-,-,Y,Y,https://openai.com/blog/new-models-and-developer-products-announced-at-devday
All Dataset,Claude-3-Opus,C,C++,32.0,-,-,Y,Y,https://www.anthropic.com/news/claude-3-family
All Dataset,Claude-3-Opus,C,Go,79.5,-,-,Y,Y,https://www.anthropic.com/news/claude-3-family
All Dataset,Claude-3-Opus,C,Java,79.0,-,-,Y,Y,https://www.anthropic.com/news/claude-3-family
All Dataset,Claude-3-Opus,C,Python,71.0,-,-,Y,Y,https://www.anthropic.com/news/claude-3-family
All Dataset,Claude-3-Opus,C++,C,26.0,-,-,Y,Y,https://www.anthropic.com/news/claude-3-family
All Dataset,Claude-3-Opus,C++,Go,81.0,-,-,Y,Y,https://www.anthropic.com/news/claude-3-family
All Dataset,Claude-3-Opus,C++,Java,87.0,-,-,Y,Y,https://www.anthropic.com/news/claude-3-family
All Dataset,Claude-3-Opus,C++,Python,71.0,-,-,Y,Y,https://www.anthropic.com/news/claude-3-family
All Dataset,Claude-3-Opus,Go,C,12.5,-,-,Y,Y,https://www.anthropic.com/news/claude-3-family
All Dataset,Claude-3-Opus,Go,C++,34.5,-,-,Y,Y,https://www.anthropic.com/news/claude-3-family
All Dataset,Claude-3-Opus,Go,Java,70.0,-,-,Y,Y,https://www.anthropic.com/news/claude-3-family
All Dataset,Claude-3-Opus,Go,Python,66.0,-,-,Y,Y,https://www.anthropic.com/news/claude-3-family
All Dataset,Claude-3-Opus,Java,C,9.5,-,-,Y,Y,https://www.anthropic.com/news/claude-3-family
All Dataset,Claude-3-Opus,Java,C++,28.8,-,-,Y,Y,https://www.anthropic.com/news/claude-3-family
All Dataset,Claude-3-Opus,Java,Go,74.2,-,-,Y,Y,https://www.anthropic.com/news/claude-3-family
All Dataset,Claude-3-Opus,Java,Python,67.2,-,-,Y,Y,https://www.anthropic.com/news/claude-3-family
All Dataset,Claude-3-Opus,Python,C,6.85,-,-,Y,Y,https://www.anthropic.com/news/claude-3-family
All Dataset,Claude-3-Opus,Python,C++,28.1,-,-,Y,Y,https://www.anthropic.com/news/claude-3-family
All Dataset,Claude-3-Opus,Python,Go,68.05,-,-,Y,Y,https://www.anthropic.com/news/claude-3-family
All Dataset,Claude-3-Opus,Python,Java,78.55,-,-,Y,Y,https://www.anthropic.com/news/claude-3-family
All Dataset,DeepSeekCoder-6.7B-INS,C,C++,26.0,43.1,85.6,Y,Y,https://arxiv.org/abs/2401.14196
All Dataset,DeepSeekCoder-6.7B-INS,C,Go,65.5,59.3,77.0,Y,Y,https://arxiv.org/abs/2401.14196
All Dataset,DeepSeekCoder-6.7B-INS,C,Java,71.0,71.7,79.7,Y,Y,https://arxiv.org/abs/2401.14196
All Dataset,DeepSeekCoder-6.7B-INS,C,Python,56.5,56.0,70.6,Y,Y,https://arxiv.org/abs/2401.14196
All Dataset,DeepSeekCoder-6.7B-INS,C++,C,13.0,34.1,74.0,Y,Y,https://arxiv.org/abs/2401.14196
All Dataset,DeepSeekCoder-6.7B-INS,C++,Go,62.5,61.6,79.2,Y,Y,https://arxiv.org/abs/2401.14196
All Dataset,DeepSeekCoder-6.7B-INS,C++,Java,79.0,78.7,87.3,Y,Y,https://arxiv.org/abs/2401.14196
All Dataset,DeepSeekCoder-6.7B-INS,C++,Python,59.5,57.8,70.1,Y,Y,https://arxiv.org/abs/2401.14196
All Dataset,DeepSeekCoder-6.7B-INS,Go,C,7.0,36.4,69.8,Y,Y,https://arxiv.org/abs/2401.14196
All Dataset,DeepSeekCoder-6.7B-INS,Go,C++,30.0,36.5,78.6,Y,Y,https://arxiv.org/abs/2401.14196
All Dataset,DeepSeekCoder-6.7B-INS,Go,Java,66.5,64.2,79.2,Y,Y,https://arxiv.org/abs/2401.14196
All Dataset,DeepSeekCoder-6.7B-INS,Go,Python,53.0,53.0,67.3,Y,Y,https://arxiv.org/abs/2401.14196
All Dataset,DeepSeekCoder-6.7B-INS,Java,C,5.65,19.75,47.15,Y,Y,https://arxiv.org/abs/2401.14196
All Dataset,DeepSeekCoder-6.7B-INS,Java,C++,18.35,26.1,62.65,Y,Y,https://arxiv.org/abs/2401.14196
All Dataset,DeepSeekCoder-6.7B-INS,Java,Go,47.7,47.2,72.85,Y,Y,https://arxiv.org/abs/2401.14196
All Dataset,DeepSeekCoder-6.7B-INS,Java,Python,55.25,55.2,70.25,Y,Y,https://arxiv.org/abs/2401.14196
All Dataset,DeepSeekCoder-6.7B-INS,Python,C,5.95,14.55,39.15,Y,Y,https://arxiv.org/abs/2401.14196
All Dataset,DeepSeekCoder-6.7B-INS,Python,C++,28.45,31.15,61.9,Y,Y,https://arxiv.org/abs/2401.14196
All Dataset,DeepSeekCoder-6.7B-INS,Python,Go,28.3,29.25,59.2,Y,Y,https://arxiv.org/abs/2401.14196
All Dataset,DeepSeekCoder-6.7B-INS,Python,Java,68.3,68.1,76.7,Y,Y,https://arxiv.org/abs/2401.14196